公司名稱,職務名稱,投遞日期,狀態,薪資待遇,職缺網址,完整JD說明,筆記備註
"Quavo","Software Quality Engineer","2026-08-03","已投遞","","https://ats.rippling.com/quavo-inc/jobs/7b58c76d-512d-49f2-b972-e72c98880845?src=LinkedIn","Who we are:

Quavo is the industry leader in fraud and disputes management technology, offering the world’s only E2E cloud-based Disputes as a Service solution for issuing financial services organizations. Quavo is an organization of tenacious experts who are innovative and challenge complacency to continuously deliver cutting edge technology and AI. Our experts are passionate about delivering value in our solutions and empowering our client community to enhance and evolve industry standards in fraud and disputes management.



Who you are:

Quavo is looking for authentic and courageous professionals to join our team. If you are a driven, accountable, and innovative problem solver searching for a collaborative environment of like-minded teammates dedicated to improving the client experience…. Then you are going to love working at Quavo!



About the role:

As a  Software QA Engineer at Quavo, you'll play a critical role in ensuring the quality, reliability, and performance of our products throughout the entire development lifecycle. You'll go beyond checking boxes against Acceptance Criteria—thinking like an end-user to creatively uncover issues, catching problems as early as the requirements stage, and driving continuous improvement in how we test and deliver software. Working closely with cross-functional teams across Product, Infrastructure, Onboarding, Services, and Client Experience, you'll be an active voice in Agile ceremonies, help maintain compliance with industry regulations, and contribute to a culture of shared knowledge through Confluence. As you grow in this role, you'll become a subject-matter expert on Quavo's products, using that expertise to support release readiness, resolve customer issues, and help guide our clients with confidence.



This role is not sponsorship eligible. Applicants must be legally authorized to work in the United States without employer visa sponsorship, now or in the future.



Responsibilities include:

Thoroughly develop and execute test plans that exceed defined Acceptance Criteria. 
Ensure product quality in all areas; e.g., functionality, reliability, performance, UX. 
Active participant in sprint ceremonies; e.g., daily standups, refinement, pointing, retrospectives, etc.  
Be an expert at generating creative ideas to test the product. Think like an end-user. 
Test throughout the entire development life cycle; e.g., finding bugs in requirements 
Adhere to quality and industry regulatory requirements. 
Monitor and Report on project status to help drive release readiness. 
Constantly improving the quality of the software and how to do so efficiently and effectively. 
Regularly contribute to Confluence to facilitate collaboration of knowledge.  
Always strives to meet goals and deadlines; asking early for help when needed. 
Engages with Quality Assurance, Infrastructure, Onboarding, Services, Product, and Client Experience to drive quality. 
Investigate customer complaints and product issues. 
Ensure ongoing compliance with quality and industry regulatory requirements. 
Become a Subject Matter Expert of Quavo’s products and develop an in-depth knowledge to help partner with and guide our clients.
Required Qualifications:

Bachelor’s Degree in computer science/related field or equivalent industry experience with a proven exemplary track record.     
Quality/Testing Certification 
Strong organizational skills. 
Technical Aptitude to learn quickly, problem-solve, and self-driven approach. 
Meticulous attention to detail.  
Must work well on a team in a fast-paced and deadline-driven environment.  
Excellent written and verbal communication skills.  Not afraid to ask questions. Communicates with tact.  
Ability to think outside the box. 
Thorough and innovative. 
Preferred Qualifications:

Experience in test automation, scripting, and software development.  
Experience in the Fintech industry. 
Experience using Confluence, SharePoint, PEGA, and JIRA",""
"Enlyte","Senior Manual Software QA Engineer","2026-08-03","已投遞","","https://careers-genex.icims.com/jobs/19264/senior-manual-software-qa-engineer/job?mode=submit_apply","Company Overview
At Enlyte, we combine innovative technology, clinical expertise, and human compassion to help people recover after workplace injuries or auto accidents. We support their journey back to health and wellness through our industry-leading solutions and services. Whether you're supporting a Fortune 500 client or a local business, developing cutting-edge technology, or providing clinical services you'll work alongside dedicated professionals who share your commitment to excellence and make a meaningful impact. Join us in fueling our mission to protect dreams and restore lives, while building your career in an environment that values collaboration, innovation, and personal growth.

 

Be part of a team that makes a real difference.

Job Description
This is a full-time remote position that can be located anywhere in the U.S.


Responsible for Quality Assurance (QA) testing for our services by actively performing manual test execution to validate the software solution meets the business requirements, design, and acceptance criteria.

 

Partnership through the Software Development Life Cycle (SDLC) with the business partners and developers to understand requirements and design solutions.

 

Provide Quality Assurance testing support during the implementation of new initiatives, releases, enhancements, technical upgrades, and bug fixes for our applications.

 

Responsibilities

Collaborates closely with development teams and project managers to understand project requirements, design documents, crosswalk documents, acceptance criteria and provides feedback to ensure the software meets quality standards.
Creates and executes detailed test plans/test cases and creates test data.
Ensures all testing activities are conducted systematically, effectively and follow department guidelines.
Performs manual functional testing - tests specific changes/enhancements, including positive and negative scenarios.
Performs manual regression testing – tests core functionality of the various Genex applications.
Performs manual system integration testing – tests integration with other key application dependencies both upstream and downstream.
Identifies, documents, and reports defects/bugs as part of QA manual execution testing.
Works directly with development team on defects and re-testing bug fixes.
Tracks progress of projects, change and release tasks and provide QA updates/status.
Works with offshore manual and automation teams.
Able to work off-hours when required.
Qualifications
Requires a minimum of 5 years of related experience with a bachelor’s degree; or 3 years and a master’s degree; or a PhD without experience; or equivalent work experience.
Possess a keen eye for detail and an understanding of project requirements.
Understanding of Testing Methodologies/Best Practices, data mapping, and crosswalks.
Experience in Agile methodologies, SQL, Azure DevOps Services, APIs, EDIs, Teams, Slack, and Excel.
Ability to understand complex application systems.
Working knowledge of the Software Development Life Cycle (SDLC).
Experience in producing documentation for Test Strategy, Test Plans, QA Assessments, Test Scenarios and Defect/Bug Reporting/Tracking.
Ability to provide work estimates and consistently deliver to committed dates.
Strong work ethics and works with a sense of urgency, ownership, and accountability.
Ability to multi-task and to work in a dynamic fast paced environment of changing priorities.
Excellent critical thinking skills along with good organizational skills.
Effective written and oral communications.
Benefits
We’re committed to supporting your ultimate well-being through our total compensation package offerings that support your health, wealth and self. These offerings include Medical, Dental, Vision, Health Savings Accounts / Flexible Spending Accounts, Life and AD&D Insurance, 401(k), Tuition Reimbursement, and an array of resources that encourage a lifetime of healthier living. Benefits eligibility may differ depending on full-time or part-time status. Compensation depends on the applicable US geographic market. The expected base pay for this position ranges from $34.46 - $48.00 hourly, and will be based on a number of additional factors including skills, experience, and education.  

 

The Company is an equal opportunity employer. All qualified applicants will receive consideration for employment without regard to race, religion, color, national origin, gender, gender identity, sexual orientation, age, status as a protected veteran, among other things, or status as a qualified individual with disability.  

 

Don’t meet every single requirement? Studies have shown that women and underrepresented minorities are less likely to apply to jobs unless they meet every single qualification. We are dedicated to building a diverse, inclusive, and authentic workplace, so if you’re excited about this role but your past experience doesn’t align perfectly with every qualification in the job description, we encourage you to apply anyway. You may be just the right candidate for this or other roles.",""
"Saragossa","Data Quality & Test Engineer (Data Operations)","2026-08-03","已投遞","$120,000 - $145,000","https://www.linkedin.com/jobs/view/4434537710/","About the job
This is your chance to build something from scratch at a firm backed by one of the most powerful investment companies in the world.



You are working on a greenfield data platform which means you are helping to shape the foundation. The decisions you make here will be visible across the business, and the people who notice will be the ones that matter.



Day to day, you are writing and maintaining data quality frameworks, building automated tests, and making sure the data flowing through the platform is accurate and trustworthy. You are working in Python and SQL, digging into pipelines, identifying issues before they become problems, and working closely with engineers and analysts who are building out the platform alongside you.



Because the team is growing and the platform is new, there is real room to develop here. You are not sitting in a queue waiting for tickets. You are contributing to something that is actively being built.



This would be a great second role in your career. You have worked with Python and SQL, you understand why data quality matters, and you want to work somewhere your input counts from day one.



The role is fully remote, so you have the flexibility to work in a way that suits you.



Are you ready to help build something that lasts?


Requirements added by the job poster

• 1+ years of work experience with SQL

• 1+ years of work experience with Python (Programming Language)",""
"Aurora","Senior Hardware Test Engineer","2026-07-30","遺憾信","","https://aurora.tech/careers/8590135002","Who we are

Aurora’s mission is to deliver the benefits of self-driving technology safely, quickly, and broadly.


The Aurora Driver will create a new era in mobility and logistics, one that will bring a safer, more efficient, and more accessible future to everyone.

 

At Aurora, you will tackle massively complex problems alongside other passionate, intelligent individuals, growing as an expert while expanding your knowledge. For the latest news from Aurora, visit aurora.tech or follow us on LinkedIn.

 

What we are looking for

Aurora hires talented people with diverse backgrounds who are ready to help build a transportation ecosystem that will make our roads safer, get crucial goods where they need to go, and make mobility more efficient and accessible for all. We are searching for a HW Test Engineer with an interest in complex, highly integrated custom hardware systems. This role is highly hands-on and sits at the multidisciplinary intersection of electrical, mechanical, and software engineering. This engineer will be supporting the Product Integrity Team which is responsible for design/production validation of the entire autonomous hardware kit including computers, integrated sensor pods, and more.

 

In this role you will

Own multiple test setups involved in validation waterfalls
Participate in root cause and corrective action (RCCA) and debug efforts.
Support modules through environmental and vibration testing and validation as a test infrastructure owner.
Required qualifications

Working knowledge of test equipment, including thermal chambers, vibe tables, liquid chillers, power supplies, electronic loads, and DAQs.
Multidisciplinary experience across ME/EE; expertise in one, knowledgeable in the other.
Desirable Qualifications

Degree in Mechatronics, Mechanical Engineering, Electrical Engineering, or Computer Systems Engineering.
Python experience (automating repetitive tasks, analyzing data, and working within larger testing frameworks).
Experience conducting thermal vibe testing
Experience working in a Linux environment and with computer networking
 
 

The base salary range for this position is $127,000 - $184,000 per year. Aurora’s pay ranges are determined by role, level, and location. Within the range, the successful candidate’s starting base pay will be determined based on factors including job-related skills, experience, qualifications, relevant education or training, and market conditions. These ranges may be modified in the future. The successful candidate will also be eligible for an annual bonus, equity compensation, and benefits.

Working at Aurora
At Aurora, we bring together extraordinarily talented and experienced people united by the strength of our values. We operate with integrity, set outrageous goals, and build a culture where we win together — all without any jerks.

We believe in-person work increases collaboration, empathy and our ability to lead effectively. As a result, we operate in a hybrid work environment where Aurorans are in office at least 3 days per week.

Our Careers page provides insight into what it is like to work at Aurora, and you can find all the latest updates in our Newsroom.

Our commitment to safety

At the core of everything we do is our commitment to safety. Building best-in-class self-driving technology will take time, and we believe that each employee at Aurora has a role in contributing to safety, every step of the way. Aurora expects commitment to our safety policies from every employee, and seeks candidates who take an active responsibility, can contribute to building an atmosphere of trust, and invest in the organization’s long-term success by prioritizing working safely, no matter what.

Our commitment to inclusion

Aurora considers candidates without regard to their race, color, religion, national origin, age, sex, gender, gender identity, gender expression, sexual orientation, marital status, pregnancy status, parent or caregiver status, ancestry, political affiliation, veteran and/or military status, physical or mental disability, or any other status protected by federal or state law. Aurora considers qualified applicants with criminal histories, consistent with applicable federal, state, and local law. We are also committed to providing reasonable accommodations for qualified individuals with disabilities and disabled veterans in our job application procedures. If you need assistance or an accommodation due to a disability, you may contact us at careersiteaccommodations@aurora.tech. 

For California applicants, information collected and processed as part of your application and any job applications you choose to submit is subject to Aurora’s California Employment Privacy Policy.",""
"Aurora","Staff Hardware Reliability Engineer","2026-07-30","已投遞","","https://aurora.tech/careers/8646396002","Who we are

Aurora’s mission is to deliver the benefits of self-driving technology safely, quickly, and broadly.


The Aurora Driver will create a new era in mobility and logistics, one that will bring a safer, more efficient, and more accessible future to everyone.

 

At Aurora, you will tackle massively complex problems alongside other passionate, intelligent individuals, growing as an expert while expanding your knowledge. For the latest news from Aurora, visit aurora.tech or follow us on LinkedIn.

 

What we are looking for

Aurora hires talented people with diverse backgrounds who are ready to help build a transportation ecosystem that will make our roads safer, get crucial goods where they need to go, and make mobility more efficient and accessible for all.

 

We’re searching for a Staff Hardware Reliability Engineer. The Hardware Reliability team is dedicated to ensuring the robustness and dependability of hardware systems in the Aurora hardware stack. Our team is responsible for designing tests, and validating the hardware components that form the backbone of Aurora’s autonomous systems, ensuring they meet the highest Automotive standards of performance and durability under our tough field conditions.

 

In this role you will

Lead and oversee hardware reliability testing and validation for automotive power and compute hardware used in autonomous vehicles.
Collaborate with cross-functional teams, including electrical, firmware, mechanical, software, and manufacturing teams, to ensure overall system reliability.
Develop, implement, and monitor reliability testing protocols, including stress tests, environmental tests, and failure mode analysis.
Analyze failure data to identify root causes of hardware reliability issues and implement corrective actions.
Create detailed reports on reliability testing, findings, and corrective actions and present them to stakeholders to drive decisions around hardware improvements and risk.
Drive continuous improvement in hardware design and development processes to meet automotive reliability standards.
Mentor and provide technical guidance to reliability engineers, helping drive adoption of reliability best practices across teams.
 

Required qualifications

Bachelor’s or Master’s degree in Electrical Engineering (preferred), Mechanical Engineering, or a related field.
Proven experience (5+ years) in hardware reliability engineering, preferably in the automotive, aerospace, or heavy-duty vehicle industry.
Strong understanding of hardware design principles, reliability testing methodologies (e.g., HALT/HASS, vibration, thermal cycling, humidity), and failure analysis techniques.
Experience working with firmware development teams and a solid understanding of firmware and hardware interactions.
Demonstrated ability to lead root cause analysis and corrective action processes (e.g., 8D, 5-Why, Fishbone) for hardware reliability issues.
Excellent communication and interpersonal skills to collaborate effectively with cross-functional teams.
Proficiency in data analysis tools and software (e.g., Python, JMP…) and familiarity with reliability prediction and assurance tools and methods (e.g., Weibull++, dFMEA)
Experience with hardware requirement concepts
 

Desirable qualifications

Knowledge of automotive safety standards and regulations (e.g., ISO 26262, ISO 16750)
Experience with automotive electronics/ECU or compute hardware (thermal, power, connector reliability)
Experience working with contract manufacturers or Tier-1 suppliers on quality/reliability issues (PPAP, supplier corrective actions)
Prior experience mentoring engineers or driving reliability process adoption across teams
Test automation and infrastructure knowledge 
 

The base salary range for this position is $181,000 - $262,000 per year. Aurora’s pay ranges are determined by role, level, and location. Within the range, the successful candidate’s starting base pay will be determined based on factors including job-related skills, experience, qualifications, relevant education or training, and market conditions. These ranges may be modified in the future. The successful candidate will also be eligible for an annual bonus, equity compensation, and benefits.

Working at Aurora
At Aurora, we bring together extraordinarily talented and experienced people united by the strength of our values. We operate with integrity, set outrageous goals, and build a culture where we win together — all without any jerks.

We believe in-person work increases collaboration, empathy and our ability to lead effectively. As a result, we operate in a hybrid work environment where Aurorans are in office at least 3 days per week.

Our Careers page provides insight into what it is like to work at Aurora, and you can find all the latest updates in our Newsroom.

Our commitment to safety

At the core of everything we do is our commitment to safety. Building best-in-class self-driving technology will take time, and we believe that each employee at Aurora has a role in contributing to safety, every step of the way. Aurora expects commitment to our safety policies from every employee, and seeks candidates who take an active responsibility, can contribute to building an atmosphere of trust, and invest in the organization’s long-term success by prioritizing working safely, no matter what.

Our commitment to inclusion

Aurora considers candidates without regard to their race, color, religion, national origin, age, sex, gender, gender identity, gender expression, sexual orientation, marital status, pregnancy status, parent or caregiver status, ancestry, political affiliation, veteran and/or military status, physical or mental disability, or any other status protected by federal or state law. Aurora considers qualified applicants with criminal histories, consistent with applicable federal, state, and local law. We are also committed to providing reasonable accommodations for qualified individuals with disabilities and disabled veterans in our job application procedures. If you need assistance or an accommodation due to a disability, you may contact us at careersiteaccommodations@aurora.tech. 

For California applicants, information collected and processed as part of your application and any job applications you choose to submit is subject to Aurora’s California Employment Privacy Policy.",""
"Tesla","Software Engineer, Optimus Diagnostics","2026-07-30","已投遞","","https://www.tesla.com/careers/search/job/software-engineer-optimus-diagnostics--278103","What to Expect
Engineering sits at the intersection of firmware, hardware, service, manufacturing, quality, and reliability. Our mission is to ensure products are diagnosed accurately, reliably, and as quickly as possible, with feedback loops that drive continuous product improvement. 

Optimus is expanding from engineering labs into production and service at scale. As a Software Engineer on the Optimus Diagnostics team, you will design, build, and ship the diagnostic software that production, manufacturing, and service teams use every day to bring up, troubleshoot, and recover humanoid robots. 

As an Optimus Diagnostics engineer, you will own features end-to-end and improve reliability and UX of diagnostic tooling. You will work closely with Optimus firmware, manufacturing, and service partners, and you will ship software that keeps robots moving on the line and in the field. 

What You’ll Do
Design, implement, and maintain Optimus diagnostic capabilities in Toolbox, our diagnostic platform
Build full-stack features across React/TypeScript front ends and Python/Go backends that connect to robot telemetry, firmware APIs, and diagnostic services
Develop diagnostic workflows and automation that reduce time-to-diagnose for manufacturing bring-up, production, and service
Improve observability, reliability, and performance of Optimus diagnostic paths (connection state, streaming, auth, command dispatch, logging). 
Partner with Optimus firmware and systems engineers to expose the right alerts, signals, vitals, and service actions in tooling
Debug production issues in diagnostic software, root-cause failures, and ship timely fixes 
Participate in architecture and design reviews as Optimus diagnostic volume and product surface area grow
What You’ll Bring
Degree in Computer Science, or equivalent experience
3+ years of software development experience
Proficiency in Python or Go, and modern frontend development (React/TypeScript or similar)
Experience building and operating production web applications or internal developer/operator tools
Strong debugging skills across the stack: UI, APIs, networking, and authentication
Comfort working in a fast-paced environment with incomplete requirements and real-world production constraints
Excellent written and verbal communication; ability to collaborate with firmware, manufacturing, and service stakeholders
Bias for ownership: you finish what you start and measure success by time-to-resolution for users, not tickets closed
Experience with Linux, containers (Docker/Kubernetes), and CI/CD for services used by operations teams a plus
Experience with robotics, industrial automation, vehicle diagnostics, live telemetry, streaming protocols, or remote device management a nice to have
Compensation and Benefits
Benefits
Along with competitive pay, as a full-time Tesla employee, you are eligible for the following benefits at day 1 of hire:

Medical plans > plan options with $0 payroll deduction
Family-building, fertility, adoption and surrogacy benefits
Dental (including orthodontic coverage) and vision plans, both have options with a $0 paycheck contribution
Company Paid (Health Savings Accounts) HSA Contribution when enrolled in the High-Deductible medical plan with HSA
Healthcare and Dependent Care Flexible Spending Accounts (FSA)
401(k) with employer match, Employee Stock Purchase Plans, and other financial benefits
Company paid Basic Life, AD&D
Short-term and long-term disability insurance (90 day waiting period)
Employee Assistance Program
Sick and Vacation time (Flex time for salary positions, Accrued hours for Hourly positions), and Paid Holidays
Back-up childcare and parenting support resources
Voluntary benefits to include: critical illness, hospital indemnity, accident insurance, theft & legal services, and pet insurance
Weight Loss and Tobacco Cessation Programs
Tesla Babies program
Commuter benefits
Employee discounts and perks program

Expected Compensation
$140,000 - $252,000/annual salary + cash and stock awards + benefits
Pay offered may vary depending on multiple individualized factors, including market location, job-related knowledge, skills, and experience. The total compensation package for this position may also include other elements dependent on the position offered. Details of participation in these benefit plans will be provided if an employee receives an offer of employment.

Tesla is an Equal Opportunity employer. All qualified applicants will receive consideration for employment without regard to any factor, including veteran status and disability status, protected by applicable federal, state or local laws.

Tesla is also committed to working with and providing reasonable accommodations to individuals with disabilities. Please let your recruiter know if you need an accommodation at any point during the interview process.

For quick access to screen reading technology compatible with this site click here to download a free compatible screen reader (free step by step tutorial can be found here). Please contact ADA@tesla.com for ADA related questions or to request ADA accommodations.

Privacy is a top priority for Tesla. We build it into our products and view it as an essential part of our business. To understand more about the data we collect and process as part of your application, please view our Tesla Talent Privacy Notice .",""
"Relay","Associate Product Manager","2026-07-30","已投遞","","https://job-boards.greenhouse.io/relaypro/jobs/7698008?gh_src=c93255981us","Relay is the Intelligent System of Action for the physical economy. While the digital revolution has often left the deskless workforce behind, we are closing that gap by transforming analog frontline operations into a data-rich, AI-powered ecosystem. We aren't just selling radios, we’re building the digital foundation for the 80% of the global workforce that doesn't work at a desk.

Why Join Relay?

A Proven Winner: Join a hyper-growth company trusted by over 10% of the Fortune 500, continuing to move upmarket with massive impact.
Work at the Edge of Innovation: We recently secured our 100th patent. You’ll work with technologies spanning AI-driven noise suppression, real-time language translation, and advanced IoT connectivity.
Market-Leading Innovation: The Relay platform captures 1 billion new data points weekly and features award-winning AI tools like TeamTranslate™, with 500% YoY growth.
World-Class Leadership: Our stellar leadership team is built to help us scale toward our next major milestones.
The Relay Culture: We’re dedicated to helping you do the best work of your life (BWIML), investing in your growth through L.I.T., living our CHASE values, and learning from incredibly talented, supportive teammates who make the work (and the wins) better every day.
Now, here’s what we’re building, and where you come in.

Relay, a dynamic and rapidly growing tech startup based in Raleigh, is on a mission to revolutionize frontline work. For decades, technology has supercharged the desk worker while leaving behind the 80% of the global workforce who don’t sit at a desk. The result is a staggering 90% productivity gap between information workers and frontline teams. At Relay, our mission is to close this gap by building the Intelligent System of Action that helps frontline teams SOAR. We’re building tools that meet frontline workers where they are, capturing tribal knowledge, and turning communication into action. By leveraging our connected cloud ecosystem and AI, we empower these essential teams to communicate more effectively, work more safely, and operate more productively.

The products you will help define and deliver customer-facing products designed to empower our frontline workers. 

Job Overview:
As an Associate Product Manager (APM) at Relay, you will help define and deliver products that drive our business forward. You'll partner closely with engineering, and cross-functional stakeholders to ship features that delight customers and accelerate Relay's growth.

You will act as the crucial bridge between our engineering team and the rest of the business—translating customer needs, market signals, and stakeholder input into clear, well-framed problems for engineering to solve. This is a hands-on role designed for someone who thrives at the intersection of technology, customer empathy, and business impact. You'll have meaningful ownership from day one and will be encouraged to leverage AI and automation to push the boundaries of what our products can do. This role will be based full time in person in our Raleigh, NC headquarters.

Our Product Philosophy:
At Relay, Product Management is rarely about having all the answers; it is about having the most complete context, maintaining discipline, and acting as the steady hand that guides our teams forward. In this role, you will be expected to:

Provide Context, Not Just Tasks: You will not simply hand over a list of stakeholder requests. You will deliver well-framed, clearly articulated problems to Engineering, ensuring they know not just what we are building, but the clear rationale behind why it matters right now.
Own the Stakeholder Friction: When issues arise, you will absorb and resolve them. You will understand the technical constraints of your product area well enough to solve issues directly with stakeholders, rather than bringing raw, unfiltered issues to the engineering team.
Be a Calming, Decisive Presence: You will act as a buffer against competing demands, ensuring you do not bring chaos, panic, or unnecessary urgency to engineering.
Contribute to Global Optimization: You will synthesize business objectives and technical constraints and surface your recommendations to product leadership so they can globally optimize and prioritize across all engineering work streams, cutting through the organizational noise to determine the highest and best use of the team's time.
What You Will Do:
Product Strategy & Delivery
Drive the roadmap for your product area, collaborating with Engineering to deliver viable, high-impact products and ensure timely, high-quality delivery.
Write detailed user stories for both new features and product enhancements.
Participate actively in sprint planning and stand-ups, ensuring clarity and momentum throughout the delivery process.
Customer & Stakeholder Engagement
Develop a deep understanding of your users—whether external customers or internal teams—through interviews, data analysis, and direct engagement.
Document, analyze, and prioritize feedback through structured discovery work and review of feedback channels.
Represent the voice of the customer in sprint planning and product reviews to ensure that business and user goals remain aligned.
Drive product adoption and enablement by developing clear release notes, training materials, and alignment sessions with go-to-market and customer-facing teams.
AI & Automation Integration
Collaborate with our engineering team to fine tune models that harness our proprietary data sources and durable customer value.
Proactively identify opportunities to leverage AI/ML to enhance our products, derive deeper insights, and unlock new value for users. 
What You Will Bring to This Role:
0–3 years of experience in Product Management, preferably within an enterprise software or SaaS environment.
A Bachelor's degree in Business, Econ, Computer Science, or related technical or field.
A strong blend of business and technical acumen, with the ability to engage meaningfully and add value in discussions encompassing both technology and business strategy.
Curiosity about emerging technologies: A keen interest in staying abreast of cutting-edge technologies, particularly within the AI and automation space, and identifying how they can create new value for users.
A passion for entrepreneurship with the ability to thrive and react proactively to changing business needs within a dynamic, high-growth startup environment.
A builder mindset and eagerness to roll up their sleeves and defeat inertia to create customer value
Excellent communication and interpersonal skills, with the ability to build strong relationships across internal teams and stakeholders.
About Relay | Culture, Benefits & Perks

Our culture hinges on Relayers getting LIT up in an environment that fosters Learning, Impact, and Teamwork, where we CHASE the best work of our lives. We call this BWIML (Best Work In My Life).

At Relay, we offer:

100% Paid Insurance: Health, Dental, Vision, Long/Short Term Disability, and Life Insurance for you and your dependents
Generous Paid Time Off
401(k) Savings Plan + Company Match
Baby Cash Reward + Paid Parental Leave
Wellness Perks: If you’re joining our Raleigh-based HQ, you’ll have access to a world-class onsite fitness center with instructor-led classes, plus tennis, basketball, pickleball, and cycling
Team Events & Culture: From company celebrations to team outings, we work hard and have fun doing it.
Latest tech, standing desks, and all the tools and software you need to thrive",""
"CivicPlus","Associate Product Manager (SMA)","2026-07-30","已投遞","","https://civicpluscareers.ttcportals.com/jobs/18060500-associate-product-manager-sma?__jvst=Job+Board&__jvsd=LinkedIn","About CivicPlus

At CivicPlus, we strive to bring our company vision to life through innovation and collaboration. Supported by approachable leadership and transparent communication, we're empowered to make an impact on local government and the residents they serve. Grow your career alongside great people, where authenticity is welcome, successes are celebrated, and potential is nurtured.

Your Impact

As an Associate Product Manager, you will help move CivicPlus products forward by partnering closely with engineering, customers, sales, and marketing. You will support product roadmaps, help balance competing priorities, and contribute to successful product launches that improve how local governments serve their communities.

What you'll do

• Partner with engineering teams to help shape, maintain, and advance product roadmaps.

• Gather and incorporate customer feedback to inform product priorities and decisions.

• Coordinate across engineering, sales, and marketing to keep product initiatives moving forward.

• Support go-to-market planning and product launch activities.

• Balance multiple stakeholder needs and priorities while maintaining focus on customer and business outcomes.

• Contribute to an agile product development environment and help strengthen day-to-day product practices.

What we're looking for

• Bachelor's degree.

• One to two years of product management experience, or related experience in customer support, technical support, user experience, engineering, or another software-focused function.

• Experience working in a SaaS or B2B software environment.

• Demonstrated ability to manage competing priorities and collaborate with a range of stakeholders.

• Strong communication skills and a customer-focused approach.

• Experience with Jira and agile development practices is preferred.

• Experience with Pendo is helpful.

• Experience working with or supporting local government is preferred.

Why CivicPlus

You'll join a collaborative team focused on building technology that helps local governments better serve their communities. This role provides ongoing mentorship from experienced product leaders and a clear path for growth within product management.


Compensation and benefits

• Estimated Salary Grade Range: $104,400-$156,600

Anticipated Hiring Range:  $119,000-$139,000
• The actual salary offer will carefully consider a wide range of factors, including your skills, qualifications, experience and is based on a 40-hour work week.

• Benefits: Comprehensive health insurance, dental insurance, vision insurance, Flexible Time Off, 401(k) plan, and more.

Our Hiring Process

1. Introductory call with Talent Acquisition

2. Interview with the Hiring Manager

3. Panel Interview with CivicPlus team members, including an interview project activity

4. Offer

Note: The process may vary slightly depending on the role.

Additional Information

• CivicPlus is currently unable to provide visa sponsorship for this position now or in the future. Applicants must be authorized to work in the US.

• This position will remain open until August 13, 2026. We encourage you to apply as soon as possible, as applications will be reviewed on a rolling basis, and the posting may close earlier at the discretion of the Talent Acquisition team.

• At CivicPlus, we embrace AI and automation as tools that help people work smarter, move faster, and focus on higher-value work that strengthens communities. We encourage thoughtful, responsible use of technology to improve efficiency, support innovation, and enhance the employee and customer experience—while keeping human judgment, collaboration, and accountability at the center of what we do.

Equal Opportunity Commitment

CivicPlus is proud to be an Equal Employment Opportunity employer. We celebrate and support diversity for the benefit of our employees, products, clients, and communities. Reasonable accommodations are available during the interview process.",""
"Agave","Product Manager","2026-07-30","已投遞","","https://jobs.ashbyhq.com/Agave/685cc476-4e5d-4406-86d8-b9835fed6d9b?utm_source=kWO6pqeO5Z","About the role
tl;dr: we’re hiring a hands-on, technical builder to help us scale our product to hundreds of customers:

You will need to embody opposite traits. On one hand, diving deep into the technical nuances of source systems, building data models, and translating complex business logic to our engineers. On the other, working 1:1 with customers to define their requirements, onboard them, run demo meetings, negotiate deliverables, and more.

You will interface daily between our engineers, customers, and partners (the systems we integrate with). Since we're early stage, we expect you to be a strong generalist.

No need to have familiarity with construction.

Why Join Us
Opportunity: you have the chance to be an early, pivotal member of a fast-growing YC startup modernizing one of the world's largest and most critical industries (construction). You'll work with our world-class engineers to deliver and expand our core product.

Team: you'll work with a formidable founding team that's experienced, intense, and ambitious. We've worked together for 10 years, first at a startup that Amazon acquired, then at Amazon, and now at Agave. You'll learn a ton while having outsized ownership. You’ll have a front-row seat to the good, bad, and ugly of building a company from the ground up.

Timing: you're joining at a key inflection point. We're proven (4x revenue growth YoY, 140+ customers) but also early. This means you have lower risk but also huge upside.

Responsibilities
Investigate new source systems to integrate with (data models, business logic, APIs, etc.) and become our go-to subject matter expert on each. It’s part product, part data analysis, and part archeology.

Research and define the structure for new data models we launch (schemas, interrelations with other models, how to standardize each across dozens of systems, etc.).

Write detailed documentation (e.g. runbooks, FAQs) explaining source systems, data models, and API features for internal reference and for our customers to use self-service.

Troubleshoot ad hoc issues with integrations and data models, helping our software engineers debug and resolve errors, and unblock our customers from launches and expansions.

Build and own customer and partner relationships. Work end to end with both software startups and construction companies, from sales/demos to scoping requirements, from onboarding to roll-out.

Translate customer needs to detailed product requirements our software engineers can code against.

Assist sales team in customer demos, showing product functionality, refining customer requirements, and driving toward winning their business.

No need to have: prior experience with Construction or at B2B SaaS/dev tools companies

Requirements
Hands-on: you'll be a full-time builder, not a manager. You must love operating in the messy weeds of nuanced systems, understanding their complexity and simplifying it for our customers. You will focus on product execution and delivery, less on strategy and market research.

Technical: no need to code, but you must have at least 1 year experience working closely with APIs, databases, SQL, Postman, and similar tools. The more, the better.

1+ year experience in software: at least 1 year of full-time experience working for a software company in a data analyst, product, or other technical role. We’re open to exceptional new grads with substantive internships. We want someone hungry and has lots of room to grow, who's ready to roll-up their sleeves and operate in the trenches.

High ownership + conscientiousness: able to manage many threads at once without sacrificing quality.

Meticulous attention to detail: structured thinker who nerds-out on nuances, accounts for edge cases, and tests your work thoroughly before calling it done.

Clear + concise communication: oral and written, must love writing crisp docs for internal + external reference.

Uncanny ability to deliver results: get the job done consistently, doing any task needed to deliver on time.

Comfortable wth customers: able to work with a wide range of customers, spanning software engineers at startups to CFOs at specialty contractors. Can onboard new customers, run demo meetings, negotiate timelines, and communicate clearly over Slack, Zoom, and email.

In-person: pumped to work in-person in SF 5 days per week.

Nice to have:

Experience interfacing with customers (e.g. running user interviews, demoing SaaS products).

Experience building technical products (e.g. APIs, developer tools) alongside software engineers and shipping products on tight timelines.

Knowledge of basic accounting, since many of our use-cases relate to automating financial workflows.

Benefits
Healthcare: we cover 90% of your healthcare costs with several plan options.

401k: we match 100% of your contributions, up to 4% of annual salary.

Relocation: sizable relocation bonus for folks currently located outside of the Bay Area.

Gym: on-site gym with Peloton, squat rack, Tempo, Yoga setup, and more.

Visa: we sponsor Visas (H1B, TN, etc.) for candidates who are a good fit!",""
"Bear Robotics","Product Manager","2026-07-30","已投遞","","https://www.linkedin.com/jobs/view/4444606745/","This position will play a crucial role in driving the development and success of the company’s products. The individual will work closely with cross-functional teams, including engineering, design, marketing, and sales, to define product strategies, gather requirements, and prioritize features. This position requires an individual with analytical and strategic thinker with strong communication skills and a passion for building innovative products that address user needs.

Key Duties/Responsibilities:

Product Strategy and Roadmap: Collaborate with stakeholders to develop and refine product strategies and roadmaps. Identify market opportunities, conduct competitive analysis, and define product goals and objectives. Ensure alignment with overall company objectives.
Requirements Gathering and Prioritization: Gather and analyze user requirements through user research, feedback, and data analysis. Translate user needs into clear product requirements and specifications. Prioritize features based on business value, user impact, and technical feasibility.
Cross-Functional Collaboration: Work closely with engineering, design, marketing, sales, and other cross-functional teams to define and deliver high-quality products. Communicate product vision, requirements, and updates effectively to ensure alignment and smooth execution.
Product Development and Execution: Collaborate with engineering teams to ensure timely and successful product delivery. Monitor project progress, identify and mitigate risks, and ensure product quality and performance.
User Experience and Design: Collaborate with designers to create intuitive and user-friendly product experiences. Provide guidance on user interface design, interaction flows, and visual aesthetics. Conduct usability testing and gather user feedback to improve product usability and satisfaction.
Data Analysis and Insights: Leverage data and analytics to make data-driven product decisions. Conduct data analysis, including user behavior analysis, market trends analysis, and performance tracking. Use insights to drive product improvements and optimize product performance.
Product Launch and Adoption: Plan and execute product launches, including feature rollouts, marketing campaigns, and customer education initiatives. Monitor product adoption and engagement metrics. Gather user feedback post-launch to drive iterative improvements.
Industry and Market Knowledge: Stay updated on industry trends, emerging technologies, and competitive landscape. Conduct market research and analysis to identify new opportunities and inform product strategy.
Customer Site Engagement: Frequently visit customer sites alongside the commercial team to observe product usage in real-world environments, gather direct feedback, and identify needs.
Perform other related duties or specialized areas as assigned.


Supervisory Responsibilities:

None.


Required Skills/Abilities/Qualifications:

3+ years of robotics-related experience
Background in robotics or hardware systems
High adaptability and comfort working in dynamic, field-based customer environments
Strong analytical and problem-solving skills.
Excellent communication and interpersonal skills.
Ability to gather and analyze user requirements and translate them into product specifications.
Knowledge of product management methodologies and best practices.
Familiarity with data analysis tools and techniques.
Understanding of user-centered design principles and practices.
Strong project management and organizational skills.
Ability to work effectively in a cross-functional and collaborative environment.
Passion for technology and innovation.


Education/Experience:

Bachelor's or Master's degree in a relevant field (e.g., Computer Science, Business, Engineering).


Physical Requirements:

The physical demands described here are representative of those that must be met by an employee to successfully perform the essential functions of this job. Reasonable accommodations may be made to enable individuals with disabilities to perform the essential functions.

Prolonged periods of sitting/standing at a desk and working on a computer. The employee routinely is required to sit; stand, walk; talk and hear; use hands to keyboard
Ability to travel frequently to customer sites and work in field environments
Specific vision abilities required by this job include close vision, color vision, peripheral vision, depth perception, and ability to adjust focus.
Ability to lift 20 lbs.


The pay range for this position is $126K - $152K. Pay is dependent on the applicant's relevant experience.



Bear Robotics, Inc. is proud to be an Equal Opportunity Employer. We do not discriminate on the basis of race, color, ancestry, national origin, religion or religious creed, mental or physical disability, medical condition, genetic information, sex (including pregnancy, childbirth, and related medical conditions), sexual orientation, gender identity, gender expression, age, marital status, military or veteran status, citizenship, or other characteristics protected by state or federal law or local ordinance.",""
"general motors","Software Developer - Simulation Platform (Galileo)","2026-07-30","已投遞","","https://search-careers.gm.com/en/jobs/jr-202611524/software-developer-simulation-platform-galileo/","The Role

As a Software Engineer on the Galileo team, you will design, build, and scale the infrastructure and technology that powers testing and evaluation workflows for vehicle release and autonomous driving stack validation and verification. This includes developing and optimizing data processing pipelines, backend services, and internal tools used for large-scale analysis. In this role, you will independently own significant technical areas, drive high-quality implementation from design through production, and partner with cross-functional teams to build systems that support AV / ADAS development. You will help raise the engineering bar through sound technical judgment, strong execution, and mentorship of other engineers.

About the Organization

The GM AV Simulation team builds world-class testing and analysis products and technologies to help accelerate development of autonomous vehicles and broader vehicle software systems. Our customers range from AV developers understanding the effects of their code on vehicle behavior, to data engineers using our pipelines for evaluation insights, to release teams tracking top-line performance metrics. AV Simulation aims to deliver intuitive user experiences for robotics and AI engineers that help move GM toward a driverless future. Galileo is building the core infrastructure and architecture to support testing at scale. As part of this team, you will help build and evolve the infrastructure required for test organization, test triggering, test analysis workflows, and related data pipelines.

What You’ll Do

Design, develop, and maintain software systems that support large-scale autonomous driving evaluation workflows

Own major components and services that enable simulation, test execution, analysis, and reporting at scale

Build and improve infrastructure used to process and analyze large volumes of driving and evaluation data

Drive reliable software delivery through strong engineering practices including code reviews, automated testing, observability, and continuous integration

Collaborate across teams to define technical requirements, resolve ambiguous problems, and deliver scalable solutions

Debug complex production issues, improve system performance, and strengthen operational excellence for critical infrastructure

Mentor other engineers and contribute to a collaborative, inclusive, and high-performing engineering culture

Support GM engineering culture through ownership, technical excellence, teamwork, and continuous improvement

Your Skills & Abilities

BS, MS in Computer Science, Robotics, Software Engineering, or a related field, or equivalent practical experience

Demonstrated experience building and operating high-quality production software systems

Strong proficiency in one or more programming languages such as Python, Go, JavaScript, or C++

Experience designing and building backend systems, APIs, data pipelines, or distributed systems

Solid understanding of software engineering fundamentals including testing, debugging, version control, code reviews, and system design

Experience working with cloud platforms such as AWS or GCP

Familiarity with relational databases such as PostgreSQL and analytics or warehouse technologies such as BigQuery or Redshift

Strong problem-solving, communication, and cross-functional collaboration skills

Ability to operate with ownership in a fast-paced engineering environment and drive work through ambiguity

Passion for autonomous driving technology and its potential impact on the world

What Will Give You a Competitive Edge

Experience in robotics, AV / ADAS, simulation, or developer infrastructure

Experience building internal platforms, developer tools, or workflow orchestration systems

Experience supporting data scientists or ML / AI engineers through data pipelines and analysis workflows

Familiarity with web technologies such as Node or React

Experience improving reliability, latency, and performance in production systems

Experience developing software for high-scale or safety-critical environments

Interest in scientific analysis, large-scale evaluation, or data-driven engineering workflows

Compensation

The salary range for this role is $104,500 and $160,200. The actual base salary a successful candidate will be offered within this range will vary based on factors relevant to the position. 

Bonus Potential: An incentive pay program offers payouts based on company performance, job level, and individual performance. 

Benefits

GM offers a variety of health and wellbeing benefit programs. Benefit options include medical, dental, vision, Health Savings Account, Flexible Spending Accounts, retirement savings plan, sickness and accident benefits, life insurance, paid vacation & holidays, tuition assistance programs, employee assistance program, GM vehicle discounts and more. 

About GM
Our vision is a world with Zero Crashes, Zero Emissions and Zero Congestion and we embrace the responsibility to lead the change that will make our world better, safer and more equitable for all.

Why Join Us 
We believe we all must make a choice every day – individually and collectively – to drive meaningful change through our words, our deeds and our culture. Every day, we want every employee to feel they belong to one General Motors team.

Total Rewards | Benefits Overview
From day one, we're looking out for your well-being–at work and at home–so you can focus on realizing your ambitions. Learn how GM supports a rewarding career that rewards you personally by visiting Total Rewards resources. 

Non-Discrimination and Equal Employment Opportunities (U.S.)
General Motors is committed to being a workplace that is not only free of unlawful discrimination, but one that genuinely fosters inclusion and belonging. We strongly believe that providing an inclusive workplace creates an environment in which our employees can thrive and develop better products for our customers.

All employment decisions are made on a non-discriminatory basis without regard to sex, race, color, national origin, citizenship status, religion, age, disability, pregnancy or maternity status, sexual orientation, gender identity, status as a veteran or protected veteran, or any other similarly protected status in accordance with federal, state and local laws. 

We encourage interested candidates to review the key responsibilities and qualifications for each role and apply for any positions that match their skills and capabilities. Applicants in the recruitment process may be required, where applicable, to successfully complete a role-related assessment(s) and/or a pre-employment screening prior to beginning employment. To learn more, visit How we Hire.

Accommodations
General Motors offers opportunities to all job seekers including individuals with disabilities. If you need a reasonable accommodation to assist with your job search or application for employment, email us Careers.Accommodations@GM.com or call us at 1-800-865-7580. In your email, please include a description of the specific accommodation you are requesting as well as the job title and requisition number of the position for which you are applying.",""
"General Motors","Senior Software Engineer, Simulation Evaluation","2026-07-30","已投遞","","https://search-careers.gm.com/en/jobs/jr-202606256/senior-software-engineer-simulation-evaluation/","The Role:    
General Motors is a global leader in advanced driver assistance. With Super Cruise hands-free technology in more than 500,000 Super Cruise-equipped vehicles on the road, and over 700 million hands‑free miles driven, GM is proving that automation can be trusted, intuitive, and helpful. GM has the global reach to bring cutting‑edge advances to everyday drivers at an unprecedented scale. Join us to help deliver the next generation of safe and delightful personal autonomous vehicle experiences.  

About the Organization:

The Evaluation team builds and evolves the evaluation ecosystem that powers developing and scaling GM’s autonomous driving technology. We develop metrics, automated workflows, and analysis approaches that enable data-driven decisions across AV development and verification. Partnering with Autonomy, Simulation, Systems, and Safety teams, we act as system-level integrators and arbiters of end-to-end AV quality. We own large scale test scenario libraries, continuous evaluation pipelines, and critical risk assessment and release gating components, treating road testing, data mining, training, and metrics as first-class use cases in a unified analytics framework. By joining this team, you will help shape GM’s core evaluation platforms, turn system-level results into clear feedback, and help accelerate validated AV deployment at scale. 

What You’ll Do:  

Design, build, and maintain large-scale evaluation pipelines that quantify the accuracy and reliability of simulation tests used for autonomous vehicle software validation. 

Develop and maintain GM’s core simulation evaluation dashboards and reports, delivering clear, actionable, and interpretable insights to engineering teams and leadership, including trend analysis and monitoring of simulation trust drift. 

Collaborate with cross-functional partners across Autonomy, Systems, Safety, and Simulation to define, refine, and drive consensus on simulation validation methodologies and requirements. 

Uphold high standards for code quality and software architecture through code reviews and technical leadership, mentoring other engineers on software engineering and simulation testing best practices. 

Leverage AI-assisted development tools and analytics platforms to enhance productivity, improve code quality, and drive innovation in simulation testing. 

What You Must Have:  

5+ years of applied experience developing complex evaluation, simulation, or test frameworks. 

Proficient in developing Python for production systems, including unit testing, code review, performance tradeoffs, and reliability best practices. 

Demonstrated ability to drive technical design and execution across multiple teams and organizations in a remote or distributed environment. 

Strong communication and collaboration skills. 

BS, MS, or PhD in Computer Science, Engineering, or equivalent experience. 

What Will Give You a Competitive Edge:  

A strong, data-driven curiosity to investigate anomalies and systematically root-cause discrepancies. 

Experience evaluating robotics systems or autonomous vehicles, including working on simulation frameworks. 

Familiarity with SQL, time-series data analysis, performance monitoring tools and dashboarding systems (e.g., Looker, Streamlit). 

Compensation:

The expected base compensation for this role is: $129,400 - $198,400. Actual base compensation within the identified range will vary based on factors relevant to the position.

You also need to include general information about potential commissions, if applicable.

Bonus Potential:  An incentive pay program offers payouts based on company performance, job level, and individual performance.
 

Benefits:

Benefits: GM offers a variety of health and wellbeing benefit programs. Benefit options include medical, dental, vision, Health Savings Account, Flexible Spending Accounts, retirement savings plan, sickness and accident benefits, life insurance, paid vacation & holidays, tuition assistance programs, employee assistance program, GM vehicle discounts and more.

About GM
Our vision is a world with Zero Crashes, Zero Emissions and Zero Congestion and we embrace the responsibility to lead the change that will make our world better, safer and more equitable for all.

Why Join Us 
We believe we all must make a choice every day – individually and collectively – to drive meaningful change through our words, our deeds and our culture. Every day, we want every employee to feel they belong to one General Motors team.

Total Rewards | Benefits Overview
From day one, we're looking out for your well-being–at work and at home–so you can focus on realizing your ambitions. Learn how GM supports a rewarding career that rewards you personally by visiting Total Rewards resources. 

Non-Discrimination and Equal Employment Opportunities (U.S.)
General Motors is committed to being a workplace that is not only free of unlawful discrimination, but one that genuinely fosters inclusion and belonging. We strongly believe that providing an inclusive workplace creates an environment in which our employees can thrive and develop better products for our customers.

All employment decisions are made on a non-discriminatory basis without regard to sex, race, color, national origin, citizenship status, religion, age, disability, pregnancy or maternity status, sexual orientation, gender identity, status as a veteran or protected veteran, or any other similarly protected status in accordance with federal, state and local laws. 

We encourage interested candidates to review the key responsibilities and qualifications for each role and apply for any positions that match their skills and capabilities. Applicants in the recruitment process may be required, where applicable, to successfully complete a role-related assessment(s) and/or a pre-employment screening prior to beginning employment. To learn more, visit How we Hire.

Accommodations
General Motors offers opportunities to all job seekers including individuals with disabilities. If you need a reasonable accommodation to assist with your job search or application for employment, email us Careers.Accommodations@GM.com or call us at 1-800-865-7580. In your email, please include a description of the specific accommodation you are requesting as well as the job title and requisition number of the position for which you are applying.",""
"Qualcomm","Robotics Systems Integration and Test Engineer","2026-07-30","已投遞","","https://careers.qualcomm.com/careers/job/446720149981?domain=qualcomm.com&hl=en","About Qualcomm Robotics 

Qualcomm Advanced Robotics Team is building the AI first stack and platform for the next generation general purpose robots - from AMRs and cobots to emerging humanoids by pairing heterogeneous compute (CPU/GPU/DSP/NPU) with a full Robotics SDK and developer tooling for manipulation, perception, navigation, and fleet workflows. We are leveraging our success in automated driving product portfolio, advanced AI end to end development and tools, and safety architecture to accelerate the growth in this emerging market. 

About the Role 

We are building a new robotics lab and are looking for hands-on roboticists who are excited about putting state‑of‑the‑art SoCs, Software and AI into real, physical robots. This role is focused on taking advanced AI models, algorithms, and systems—and making them work reliably on-device, on real robotic platforms operating in the real world. 

You will be part of a team translating cutting‑edge advances in AI, compute, and connectivity into complete physical AI systems. This includes deploying modern perception, VLA, and reasoning models onto robots, integrating them with sensors and actuators, and validating that they perform as expected outside of simulation. The work spans development, integration, testing, and demo readiness, with a strong emphasis on seeing how AI behaves when embedded in real robotic systems. 

This is a highly applied role at the intersection of mechanical systems, software, robotics, and AI. You’ll work hands‑on in the lab building and iterating on robot applications that showcase how Qualcomm’s technologies—Dragonwing, AI Engine, compute, Wi‑Fi, and 5G—enable intelligent, connected robots. Expect to spend time deploying models to hardware, debugging system‑level issues, building sample and reference applications, and preparing robots for internal and external demonstrations. 

If you are passionate about closing the gap between state‑of‑the‑art AI research and real‑world robotic capability—and want to work directly with robots as they perceive, plan, move, and act—this role is for you. 

What you’ll do 

Build end‑to‑end robotics applications that integrate perception, planning, control, and actuation on-device 

Deploy AI and robotics models developed by research teams onto physical robots and evaluate real‑world performance 

Translate Qualcomm’s AI, compute, and connectivity portfolio (Dragonwing, AI Engine, Wi‑Fi, 5G) into working robotics solutions 

Perform robot integration and system bring‑up, including sensors, actuators, compute platforms, and networking 

Develop and maintain robot applications for internal testing, external demos, and sample/reference solutions 

Design and execute robot testing, validation, and benchmarking in lab environments 

Prepare robots for demo readiness, ensuring reliability, repeatability, and polished behavior 

Debug complex cross‑disciplinary issues spanning mechanical systems, electronic systems, embedded software, perception pipelines, and control 

Collaborate with AI, systems, hardware, and platform teams to close the loop between development and deployment 

Actively work in the robotics lab—configuring robots, running experiments, and iterating quickly with hardware 

Why Qualcomm 

You will help stand up a brand‑new advanced robotics lab and shape how we build and test robots from day one 

You will work on real robots, not just simulations or papers 

You’ll see your work used in demos, reference platforms, and sample applications 

You’ll be at the center of turning advanced AI and compute into physical AI systems 

You’ll work across disciplines, touching everything from sensors and motion to AI inference and connectivity 

Minimum Qualifications:

•    Bachelor's degree in Engineering, Information Systems, Computer Science, or related field and 2+ years of Systems Engineering or related work experience.
OR
Master's degree in Engineering, Information Systems, Computer Science, or related field and 1+ year of Systems Engineering or related work experience.
OR
PhD in Engineering, Information Systems, Computer Science, or related field.
Preferred Qualifications:

BS/MS in Computer Science, Electrical Engineering, Robotics, or related field. 

Experience working with physical robots in lab or field environments 

Strong foundation across robotics domains, including:  

Perception (vision, sensors, AI models) 

Planning and/or decision‑making 

Control and actuation 

Systems integration 

Electronics 

Metrology (e.g. sensor calibration procedures, high-performance measurement sensors) 

Ability to take models, algorithms, or prototypes and deploy them onto real robots 

Practical experience running robot testing, validation, and demos 

Comfort developing full robotic applications, not just isolated components 

Experience integrating hardware, software, and AI into cohesive systems 

Familiarity with robotics software stacks (e.g., ROS/ROS2 or similar frameworks) 

Strong debugging skills and a bias toward hands‑on problem solving 

Willingness and enthusiasm to work onsite in a robotics lab ​

Background in mechanical, electrical, software, or systems engineering (or a blend) 

Experience with on‑device AI deployment and optimization 

Familiarity with networking, connectivity, or distributed robotics systems 

Experience building reference designs, sample applications, or demo platforms 

Prior work supporting customer demos or public demonstrations 

Exposure to mobile robots, manipulators, drones, or autonomous systems 

Why Join Us? 

Shape the core platform that powers intelligent, safe, and scalable robotic operations. 

Work with some of the most advanced robotic AI models on the planet. 

Influence the optimization and deployment pipeline for next‑generation robotic intelligence. 

Competitive compensation, deep technical growth, and the opportunity to shape the future of on‑device AI. 

Qualcomm is an equal opportunity employer. If you are an individual with a disability and need an accommodation during the application/hiring process, rest assured that Qualcomm is committed to providing an accessible process. You may e-mail disability-accomodations@qualcomm.com or call Qualcomm's toll-free number found here. Upon request, Qualcomm will provide reasonable accommodations to support individuals with disabilities to be able participate in the hiring process. Qualcomm is also committed to making our workplace accessible for individuals with disabilities. (Keep in mind that this email address is used to provide reasonable accommodations for individuals with disabilities. We will not respond here to requests for updates on applications or resume inquiries).

To all Staffing and Recruiting Agencies: Our Careers Site is only for individuals seeking a job at Qualcomm. Staffing and recruiting agencies and individuals being represented by an agency are not authorized to use this site or to submit profiles, applications or resumes, and any such submissions will be considered unsolicited. Qualcomm does not accept unsolicited resumes or applications from agencies. Please do not forward resumes to our jobs alias, Qualcomm employees or any other company location. Qualcomm is not responsible for any fees related to unsolicited resumes/applications.

EEO Employer: Qualcomm is an equal opportunity employer; all qualified applicants will receive consideration for employment without regard to race, color, religion, sex, sexual orientation, gender identity, national origin, disability, Veteran status, or any other protected classification.

Qualcomm expects its employees to abide by all applicable policies and procedures, including but not limited to security and other requirements regarding protection of Company confidential information and other confidential and/or proprietary information, to the extent those requirements are permissible under applicable law.

Pay range and Other Compensation & Benefits:

$122,500.00 - $183,700.00
The above pay scale reflects the broad, minimum to maximum, pay scale for this job code for the location for which it has been posted. Even more importantly, please note that salary is only one component of total compensation at Qualcomm.  We also offer a competitive annual discretionary bonus program and opportunity for annual RSU grants (employees on sales-incentive plans are not eligible for our annual bonus).  In addition, our highly competitive benefits package is designed to support your success at work, at home, and at play. Your recruiter will be happy to discuss all that Qualcomm has to offer – and you can review more details about our US benefits at this link.

If you would like more information about this role, please contact Qualcomm Careers.",""
"Rune Technologies","Quality Assurance Engineer","2026-07-30","已投遞","","https://jobs.ashbyhq.com/runetech/6704a333-364e-4af5-b1e2-e59edc8a02f1?utm_source=Simplify","About Rune

Rune Technologies builds mission-critical software for military logistics and sustainment. Our flagship product is TyrOS, an AI-enabled logistics command and control platform that gives commanders a single, real-time operating picture of their sustainment fight, from inventory and distribution to medical and operational planning, even in degraded and contested environments.

We're not a traditional defense contractor. We're a small, fast-moving team that combines deep operational experience in and with the DoD with the software discipline of the best product companies, and we apply that combination to a customer set that desperately needs it. We stay close to our users by embedding directly with military units during exercises and rotations, and we ship constantly based on what we learn.

The U.S. military and its allies face a real logistics modernization problem. We're building the software to solve it.

About the Role

At Rune Technologies, we are building the logistics technology backbone that the U.S. and allied militaries need to dominate in large-scale combat operations. As a Quality Assurance Engineer at Rune, you will play a critical role in ensuring the reliability, stability, and quality of the software that supports mission-critical logistics operations for the warfighter.

You'll join us in our mission to bring 21st-century software to the sustainment domain—modernizing inventory management, transportation optimization, and predictive maintenance with state-of-the-art user experiences. You'll work closely with software engineers, product leaders, Mission Managers, and TechOps to ensure every release of TyrOS meets the quality standards our customers depend on in operational environments.

This is Rune's first dedicated Quality Assurance role. Rather than inheriting an established QA organization, you'll build one. You'll define testing processes, develop scalable automation, and become the quality gatekeeper for our engineering team. If you enjoy creating systems from the ground up, thrive in fast-moving startup environments, and want to directly influence how software is built and released, we'd love to talk to you.

What You'll Do

Own quality across the TyrOS software development lifecycle, ensuring new features meet our quality standards before reaching production.

Review every pull request destined for the main branch by validating testing evidence, spinning up ephemeral environments, verifying functionality, and approving or blocking releases.

Build, maintain, and expand our Playwright end-to-end test suite covering critical user workflows across TyrOS.

Design automated tests that reduce manual regression testing and improve engineering velocity over time.

Execute release regression testing to ensure production readiness before every software release.

Perform non-functional testing including performance validation, accessibility testing, data integrity verification, and basic load testing.

Partner with software engineers during feature planning to review acceptance criteria, identify testing strategies, and determine which automated checks should block releases.

Collaborate with Mission Managers and Forward Deployed Engineers (FDEs) to validate customer-specific deployments, upgrade paths, and operational workflows.

Establish QA metrics, documentation, testing standards, and repeatable processes that scale alongside our engineering organization.

Continuously improve our testing strategy through automation, tooling, and process improvements.

Qualifications

2+ years of Quality Assurance, Test Automation, or Software Development Engineer in Test (SDET) experience supporting modern web applications.

Hands-on experience with Playwright or a comparable end-to-end testing framework such as Cypress or Selenium.

Experience building and maintaining automated testing suites.

Comfortable reading application code to understand changes and validate testing coverage. Familiarity with Go and/or TypeScript/React is a strong plus.

Strong understanding of regression testing methodologies and release validation.

Ability to work independently and establish processes in a fast-paced startup environment.

Excellent written communication skills, including bug reports, test documentation, and QA metrics.

Strong collaboration skills with engineers and cross-functional partners throughout the software development lifecycle.

Desired Qualifications

Experience working in defense technology, government software, or other highly regulated industries.

Familiarity with GitHub Actions and CI/CD pipelines.

Experience working with Kubernetes-based deployment environments.

Experience performing accessibility, performance, and load testing.

Experience validating APIs and backend services.

Benefits

Rune offers top-tier benefits for full-time employees to include a full suite of insurance options at no cost for employees and low-cost to spouses and dependents. Highly competitive equity grants are also  included in the majority of full time offers and are considered part of Rune's total compensation package. Benefits include:

Comprehensive medical, dental, and vision plans; premiums 100% covered by Rune for all employees; exceptionally low premiums for spouses and dependents

Basic life insurance and disability 100% covered for all employees by Rune; option to purchase additional life insurance available

‘Take the time off that you need, when you need it’ paid time off, not accrual based

Generous company holiday calendar including a holiday shutdown in December

Supportive leave of absence program including time off for military service, medical events, and parental leave

Full 401(k) retirement plan for all full-time eligible employees

Company-funded commuter benefits

Free access to on-site gym at office",""
"Zipline","Cell Test Engineer","2026-07-30","已投遞","","https://www.zipline.com/open-roles/7807680003","About Zipline
Zipline is the world’s largest and most experienced drone delivery service. We are on a mission to serve all humans equally by ensuring access to food, medicine and essential goods anytime, anywhere. We design, build, and operate the world’s largest autonomous logistics system, delivering critical supplies quickly and reliably. Today, Zipline operates on four continents, makes a delivery somewhere in the world every 30 seconds, and has completed millions of deliveries to date, including blood, vaccines, medical supplies, food, and retail products. 

Our customers include the world’s largest and most prominent healthcare systems, governments, retailers, restaurants and global businesses who rely on us to save lives, reduce emissions, increase economic opportunity, and provide delivery from point A to point B as fast as possible. The drone is only 15% of what we’ve built to enable seamless, reliable, global operations.

Our system strengthens supply chains, reduces congestion, and gives people time back. With more than 140 million commercial autonomous miles safely flown, Zipline is redefining access to healthcare, consumer products, and food across the globe.

We operate at a global scale and are looking for practical problem solvers who thrive on real-world challenges and rapid growth. Our team is motivated by building systems that have a direct, meaningful impact on people’s lives and by scaling the future of logistics. We are seeking people who sculpt from first principles, enjoy facing adversity, and can do the impossible at record breaking speeds.

About You and The Role 
Zipline builds autonomous delivery aircraft and ground systems that operate daily in demanding field environments. The performance, reliability, and safety of our aircraft begin at the battery cell. As a Cell Test Engineer, you will develop the test systems, methodologies, and data that characterize cell performance, validate new technologies, and improve the safety and reliability of our battery systems.

The Battery & Power Electronics team is responsible for delivering power throughout the aircraft—from individual cells to complete battery packs and power distribution systems. You will design and execute experiments that evaluate electrical performance, thermal behavior, degradation, abuse tolerance, and lifetime across multiple cell technologies, enabling critical engineering and sourcing decisions.

This role is open to engineers at all levels. Responsibilities and technical scope will be matched to experience, with opportunities to grow from owning individual test programs to defining cell validation strategy across multiple aircraft platforms.

What You'll Do
Own end-to-end development of cell validation programs from requirements → experiment design → execution → analysis → engineering recommendations → continuous improvement.

Develop and execute cell characterization programs evaluating capacity, impedance, power capability, efficiency, thermal behavior, and aging performance.
Design validation plans covering electrical, thermal, environmental, mechanical, and abuse testing to qualify cells for drone applications.
Design experiments that evaluate cycle life, calendar aging, fast charging, temperature performance, storage conditions, and operational limits.
Develop custom fixtures, instrumentation, wiring, thermal interfaces, and automation supporting repeatable, high-throughput cell testing.
Operate and improve battery cyclers, environmental chambers, thermal measurement systems, DAQ equipment, and laboratory instrumentation.
Develop automated test scripts, data processing pipelines, and reporting tools using Python, MATLAB, LabVIEW, or equivalent software.
Analyze large experimental datasets to identify degradation mechanisms, performance trends, failure modes, and opportunities for optimization.
Perform post-test teardown inspections and correlate electrical performance with mechanical and thermal observations.
Support abuse testing including crush, penetration, thermal runaway propagation, overcharge, short circuit, vibration, shock, and environmental exposure.
Work closely with battery design, systems engineering, reliability, manufacturing, and suppliers to define validation plans and support product development decisions.
Develop laboratory procedures, calibration methods, safety documentation, and standardized test methodologies that improve repeatability and engineering efficiency.
Support supplier qualification, incoming cell validation, technology benchmarking, and root cause investigations involving field-return hardware.
What You'll Bring
Experience in battery cell engineering, electrochemical testing, energy storage systems, or validation engineering appropriate to your career level.
Experience developing or executing battery cell characterization, life testing, abuse testing, or reliability testing.
Strong understanding of lithium-ion battery fundamentals including cell chemistry, degradation mechanisms, thermal behavior, and electrical performance.
Experience operating battery cyclers, environmental chambers, DAQ systems, thermal instrumentation, and laboratory equipment.
Experience developing automated test software or data analysis tools using Python, MATLAB, LabVIEW, or equivalent platforms.
Ability to design experiments using statistical methods and interpret large experimental datasets.
Familiarity with battery safety standards and abuse testing methodologies.
Experience with instrumentation including thermocouples, RTDs, current and voltage measurement, impedance measurement, and thermal imaging.
Strong written and verbal communication skills with the ability to communicate technical findings and influence engineering decisions.
What Else You Need To Know
The starting cash range for this role is $130,000 - $180,000. Please note that this is a target, starting cash range for a candidate who meets the minimum qualifications for this role. The final cash pay for this role will depend on a variety of factors, including a specific candidate's experience, qualifications, skills, working location, and projected impact. The total compensation package for this role may also include: equity compensation; discretionary annual or performance bonuses; sales incentives; benefits such as medical, dental and vision insurance; paid time off; and more.

Zipline is an equal opportunity employer and prohibits discrimination and harassment of any type without regard to race, color, religion, age, sex, national origin, disability status, genetics, protected veteran status, sexual orientation, gender identity or expression, or any other characteristic protected by federal, state or local laws or our own sensibilities.

We value diversity at Zipline and welcome applications from those who are traditionally underrepresented in tech. If you like the sound of this position but are not sure if you are the perfect fit, please apply!",""
"Azumo","QA Engineer","2026-07-30","已投遞","","https://azumo.com/job-openings/qa-engineer","Description
Azumo is currently looking for highly motivated QA Automation Engineers to test in a mix of technologies including web, cloud, microservices, SQL and NoSQL environments and big data solutions. Products and features under development are used by millions of users, and the QA Engineer will be expected to be the quality gatekeeper for the product. The position is fully remote and based in Latin America. This position will give you the opportunity to collaborate with a growing team of bright engineering minds in backend, web, mobile and big data computing. You will enjoy the role if you love creating test strategies for novel products, automating testing processes and owning releases for your teams.

The QA Engineer will be based in Latin America. Compensation commensurate with experience and candidate potential.

Responsibilities:
Develop test plans to observe product scalability, fault tolerance, stability and backward compatibility for products under development
Develop, improve and maintain scalable test automation strategies
Evaluate multiple approaches and technologies to implement on test methodologies
Diagnose, track and manage quality issues to resolution
Requirements:
Basic Qualifications:

BS or Master’s degree in Computer Science, related degree, or equivalent experience
4+ years in software testing, writing tests (automation) and test development roles
1+ years coding experience in Java and Python
Experience with automated tools and testing frameworks, including performance testing (load and concurrency)
Experience writing complex SQL queries and stored procedures
Experience with continuous integration / continuous deployment and test coverage analysis
Self-driven and motivated, with a strong work ethic and a passion for problem solving
Preferred Qualifications:

Experience testing in a distributed system, service-oriented architecture
Experience with big data platforms such as Hadoop and Kafka
Working knowledge of cloud technologies (AWS EC2, Docker, Redshift, EMR)
Testing experience for analytics, dashboards and visualization software product.
Benefits:
Company benefits include:

PTO
US Holidays
Training
Udemy free access
Mentored career development
USD Remuneration
Profit Share Program
At Azumo we strive for excellence and strongly believe in professional and personal growth. We want each individual to be successful and pledge to help each achieve their goals while at Azumo and beyond. Challenging ourselves and learning new technologies is at the core of what we do.

Our Talent Acquisition Process:
We will walk you through our process during the days/weeks according to your agenda availability. Feedback will be present whether we move forward or not with your application.

There are, in general, two calls (45’ average each), a challenge (60’ average each) and a Tech Interview for you to reach the final Offer Call.",""
"Figure","Robotics Integration Engineer","2026-07-30","已投遞","","https://job-boards.greenhouse.io/figureai/jobs/4387319006","Figure is an AI Robotics company developing a general purpose humanoid. Our Humanoid is designed for corporate tasks targeting labor shortages and jobs that are undesirable or unsafe. We are based in San Jose, CA and require 5 days/week in-office collaboration. 

We are seeking a Robotics Integration Engineer to drive system-level integration and validation across hardware, firmware, controls, AI, perception, and software. You will plan, execute, and oversee subsystem integration and full-system bring-up, ensuring reliable performance and consistency across the entire robot ecosystem. This is a highly technical, hands-on role focused on debugging, root cause analysis, and validating system functionality to make humanoid robots perform reliably in the real world.

Responsibilities: 

Integrate and validate system-level changes across hardware, controls, behavior, AI, and perception subsystems.
Architect and execute bring-up, validation, and end-of-line (EOL) test processes for humanoid robots.
Develop test tools and automation scripts in C++ and Python to streamline integration and data analysis.
Design and run validation plans that stress full-robot functionality across real-world use cases.
Debug and triage cross-disciplinary issues spanning mechanical, electrical, firmware, and software systems.
Collaborate with design, controls, behaviors and software teams to define testable behaviors and verify subsystem performance.
Instrument robots using diagnostic tools (oscilloscopes, logic analyzers, telemetry logs) to characterize performance and identify failure modes.
Build dashboards, metrics, and reports to track system performance and fleet health over time.
Document integration workflows, test results, and lessons learned to improve future build efficiency.
Contribute to the automation of regression testing and continuous validation across the robot fleet.
Requirements: 

Bachelor’s or Master’s degree in Robotics, Electrical Engineering, Mechanical Engineering, Computer Science, or a related field.
3–5+ years of experience working with complex robotic or electromechanical systems.
Proficiency in C++ and Python for software development, scripting, and debugging.
Strong system-level understanding across hardware, firmware, and software layers.
Experience with Linux, Git, and standard diagnostic tools (oscilloscope, multimeter, log analyzers).
Hands-on experience validating real-time control systems, behaviors, or perception pipelines.
Ability to thrive in a fast-paced, lab-focused R&D and production environment.
Bonus Qualifications: 

Experience with humanoid or legged robots.
Familiarity with ROS2, behavior trees, or motion planning frameworks.
Background in hardware bring-up, calibration systems, or production-level validation.
Exposure to high-reliability or safety-critical robotic systems.
The US base salary range for this full-time position is between $170,000 - $250,000 annually.

The pay offered for this position may vary based on several individual factors, including job-related knowledge, skills, and experience. The total compensation package may also include additional components/benefits depending on the specific role. This information will be shared if an employment offer is extended.",""
"Figure","Software Integration Engineer","2026-07-30","已投遞","$130,000 and $250,000","https://job-boards.greenhouse.io/figureai/jobs/4618234006","Figure is an AI robotics company developing autonomous general-purpose humanoid robots. The goal of the company is to ship humanoid robots with human level intelligence. Its robots are engineered to perform a variety of tasks in the home and commercial markets. Figure is based in San Jose, CA and require 5 days/week in-office collaboration. It’s time to build.

We’re looking for a Software Integration Engineer to join our Systems Integration Team — the bridge between AI, Controls, Firmware, and Hardware. The team ensures that all components work cohesively toward a unified, high-performing robotic system.

This is a fast-paced, high-impact role focused on execution and iteration. You’ll own core software features end-to-end on our robotic stack, driving them from concept all the way through to delivery. You’ll blend software development, system-level problem solving, and cross-functional collaboration to ensure the robot platform is stable, reliable, and ready for rapid AI development and evaluation. 

The ideal candidate is a multi-talented, hands-on engineer who thrives in ambiguity, learns quickly, and takes ownership of problems end-to-end. You’ll operate with a first-principles mindset, constantly finding ways to move the system forward and improve reliability, scalability, and performance across the fleet.

Key Responsibilities:

Become the go to expert for our robot through hands-on testing and issue triage.
Collaborating with Platform Software, AI, Controls, and Manufacturing teams to resolve software and system bugs and drive architectural improvements that reduce pain points.
Lead and own test plan definition for new software and firmware features.
Collaborate with developers and manufacturing to improve firmware, diagnostics, and self-tests, using EoL data to speed up robot bring-up.
Validate software before its released to our internal manufacturing and service teams; assist teams with bring-up and troubleshooting.
Partner with the Test Infrastructure team to add high-signal automated tests and diagnostics that catch regressions early, improve system reliability.
Requirements:

Strong ability to debug complex hardware/software systems and identify targeted tests that accelerate regression isolation and root-cause analysis.
Programming experience in C++ and Python.
Experience integrating and validating complex software systems in robotics, mechatronic, or electric vehicle environments.
Bachelor’s or Master’s degree in Computer Science, Mechatronics, Robotics, or related field
Self-sufficient with strong ownership mindset; able to manage multiple high-impact priorities
The US base salary range for this full-time position is between $130,000 and $250,000 annually.

The pay offered for this position may vary based on several individual factors, including job-related knowledge, skills, and experience. The total compensation package may also include additional components/benefits depending on the specific role. This information will be shared if an employment offer is extended.",""
"Cyngn","Senior Program Manager – Release Management","2026-07-30","已投遞","","https://jobs.lever.co/cyngn/3ed7174a-2609-4438-8204-732ac3a9fa84","About Cyngn
Based in Mountain View, CA, Cyngn is a publicly-traded autonomous technology company. We deploy self-driving industrial vehicles — specifically autonomous tuggers —  to factories, warehouses, and other facilities throughout North America. To build this emergent technology, we are looking for innovative, motivated, and experienced leaders to join us and move this field forward. If you like to build, tinker, and create with a team of trusted and passionate colleagues, then Cyngn is the place for you. Key reasons to join Cyngn: 
 
We are small and big.
With under 100 employees, Cyngn operates with the energy of a startup. On the other hand, we’re publicly traded. This means our employees not only work in close-knit teams with mentorship from company leaders—they also get access to the liquidity of our publicly-traded equity.
 
We build today and deploy tomorrow.
Our autonomous vehicles aren’t just test concepts—they’re deployed to real clients right now. That means your work will have a tangible, visible impact.
 
We aren’t robots. We just develop them.
We’re a welcoming, diverse team of sharp thinkers and kind humans. Collaboration and trust drive our creative environment. At Cyngn, everyone’s perspective matters—and that’s what powers our innovation.
 
About this role: 
We are seeking a Senior Program Manager to own the end-to-end release management process for our autonomous vehicle software and hardware systems and to drive cross-functional program execution at scale. This role is ideal for someone with 6+ years of experience in program or technical project management who can operate independently, influence without authority, and build the processes and infrastructure needed to reliably ship complex, safety-critical systems. The ideal candidate combines deep release management expertise with a strategic perspective to align engineering, product, and customer-facing teams around shared delivery goals.
Responsibilities
Own the release management lifecycle from planning through deployment, including release readiness criteria, go/no-go decisions, and post-release retrospectives.
Define and maintain release schedules that account for hardware/software dependencies, customer commitments, and regulatory requirements.
Serve as the central coordination point for all release-related activities across engineering, QA, product, and field operations.
Drive program-level planning, tracking, and risk management across multiple concurrent initiatives.
Develop and maintain release governance processes, including branching strategies, freeze windows, and rollback procedures in collaboration with engineering leads.
Identify systemic risks and blockers across programs and drive resolution with appropriate urgency and escalation.
Build and report on program and release KPIs, surfacing insights that inform leadership decisions on scope, schedule, and resource trade-offs.
Partner with product and engineering leadership to translate roadmap priorities into executable delivery plans.
Lead cross-functional release readiness reviews, integration testing coordination, and customer rollout sequencing.
Qualifications
6+ years of experience in program or project management within a technical environment, with direct ownership of release management processes.
Bachelor's degree in Computer Science, Electrical or Mechanical Engineering, or a related discipline; advanced degree a plus.
Proven ability to manage complex, multi-team programs involving both software and hardware components.
Deep experience with Jira administration, including workflow configuration, reporting, and cross-project coordination.
Strong command of Agile methodologies and SDLC practices, including experience adapting them to hardware-coupled development cycles.
Excellent communication and facilitation skills; able to drive alignment across engineering, product, and executive stakeholders.
Experience with autonomous systems, robotics, or other safety-critical industries strongly preferred.
Track record of bringing order to complex, fast-moving programs without slowing teams down.
Benefits & Perks
Health benefits (Medical, Dental, Vision, HSA and FSA (Health & Dependent Daycare), Employee Assistance Program, 1:1 Health Concierge)
Life, Short-term and long-term disability insurance (Cyngn funds 100% of premiums)
Company 401(k)
Commuter Benefits
Flexible vacation policy
Remote or hybrid work opportunities
Sabbatical leave opportunity after 5 years with the company
Paid Parental Leave
Daily lunches for in-office employees and fully-stocked kitchen with snacks and beverages
Monthly meal and tech allowances for remote employees
$140,000 - $175,000 a year
We may use artificial intelligence (AI) tools to support parts of the hiring process, such as reviewing applications, analyzing resumes, or assessing responses and identifying potential inconsistencies or verification signals in application materials based on available information. These tools assist our recruitment team but do not replace human judgment. Final hiring decisions are ultimately made by humans. If you would like more information about how your data is processed, please contact us.",""
"Cyngn","Field Service Engineer","2026-07-30","已投遞","","https://jobs.lever.co/cyngn/a44a034c-c014-45c9-ba13-b5cb31dcb95e","About Cyngn
Based in Mountain View, CA, Cyngn is a publicly-traded autonomous technology company. We deploy self-driving industrial vehicles — specifically autonomous tuggers — to factories, warehouses, and other facilities throughout North America. To build this emergent technology, we are looking for innovative, motivated, and experienced leaders to join us and move this field forward. If you like to build, tinker, and create with a team of trusted and passionate colleagues, then Cyngn is the place for you. Key reasons to join Cyngn: 
 
We are small and big.
With under 100 employees, Cyngn operates with the energy of a startup. On the other hand, we’re publicly traded. This means our employees not only work in close-knit teams with mentorship from company leaders—they also get access to the liquidity of our publicly-traded equity.
 
We build today and deploy tomorrow.
Our autonomous vehicles aren’t just test concepts—they’re deployed to real clients right now. That means your work will have a tangible, visible impact.
 
We aren’t robots. We just develop them.
We’re a welcoming, diverse team of sharp thinkers and kind humans. Collaboration and trust drive our creative environment. At Cyngn, everyone’s perspective matters—and that’s what powers our innovation.
 
About this role: 
As Cyngn scales its production deployments of Autonomous Mobile Robots (AMRs), we are seeking a highly capable Field Services Engineer to join our growing team. This role is essential to the success of our customer deployment production operations  and requires both technical skill and field service acumen.
 
Based in Mountain View, CA, this role involves frequent travel to customer sites to support, maintain, and troubleshoot our deployed robotic systems.
 
This position bridges hands-on hardware interaction, field maintenance, software updates, and close collaboration with engineering and operations teams. You will  be a key player in keeping our production systems running smoothly in real-world customer environments.
Responsibilities
Travel to customer locations to perform installation, repair, upgrades, and calibration of production robotic systems. 
Conduct field-based diagnostics, perform root cause analysis, and execute corrective actions to maintain uptime. 
Collaborate with Engineering Services and Engineering teams to deploy software updates, log issues, and provide feedback from the field. 
Replace and configure hardware components, sensors, and subsystems as needed.  
Execute configuration and parameter changes, including network and system settings on deployed robots.  
Interface directly with customer teams to provide status updates, answer technical questions, and ensure customer satisfaction.  
Maintain logs of service activity, diagnostics data, and configuration changes in a structured and reliable format.  
Support initial site bring-up and commissioning efforts for new deployments.  
Assist with documentation development and service procedure refinement.  
Support weekend and after-hours troubleshooting on an on-call rotation basis.
Qualifications
2+ years in a technical field service, robotics, or hardware support role. 
Ability and willingness to travel regularly (30–50% anticipated). 
Proficiency with Linux terminal, remote troubleshooting, and basic shell scripting.
Strong hands-on skills with mechanical/electrical components and system-level debugging. 
Excellent communication and customer service skills. 
Ability to lift up to 80 lbs and work in industrial or warehouse environments. 
Capable of interpreting schematics, wiring diagrams, and engineering documentation.
Bonus Qualifications
Experience working with autonomous systems, mobile robots, or industrial automation platforms.
Familiarity with Python, ROS, or other scripting and robotics platforms.
Experience working in production environments with safety and compliance standards.
Experience configuring WiFi, networking parameters, or embedded systems.
Familiarity with tools such as Jira, Confluence, or remote monitoring dashboards.
Benefits & Perks
Health benefits (Medical, Dental, Vision, HSA and FSA (Health & Dependent Daycare), Employee Assistance Program, 1:1 Health Concierge)
Life, Short-term and long-term disability insurance (Cyngn funds 100% of premiums)
Company 401(k)
Commuter Benefits
Flexible vacation policy
Remote or hybrid work opportunities
Sabbatical leave opportunity after 5 years with the company
Paid Parental Leave
Daily lunches for in-office employees and fully-stocked kitchen with snacks and beverages
Monthly meal and tech allowances for remote employees
Physical Requirements
Prolonged periods of sitting, standing, and walking, including time at a desk and in industrial or customer environments.
Frequent bending, stooping, kneeling, climbing, and reaching to install, maintain, and repair robots.
Ability to lift and maneuver objects up to 80 lbs.
Ability to operate hand tools, power tools, and testing equipment.
Specific vision abilities required include close vision, color vision, peripheral vision, depth perception, and ability to adjust focus.
Ability to communicate clearly, hear, and respond effectively in noisy environments.
$90,000 - $108,000 a year",""
"RoboForce","Lead Software Engineer, AI & Robotics Test Infrastructure","2026-07-30","已投遞","","https://job-boards.greenhouse.io/roboforce/jobs/5233632008","Why RoboForce
 
RoboForce is an AI robotics company developing Physical AI–powered Robo-Labor for dull, dirty, and dangerous work. The company’s robots are engineered for demanding industrial environments, with a focus on real-world deployment and scalability.
 
We are seeking a Lead Software Engineer, Robotics Test Infrastructure to architect the overarching validation framework for our robot fleet from the ground up. This is a massive-scope, highly hands-on Technical Lead / Principal Individual Contributor (IC) role. You will act as the principal technical authority and central hub connecting our software, embedded, simulation, machine learning, and manufacturing teams. You will design and build the core test execution software that orchestrates End-to-End (E2E) simulation runs, Hardware-in-the-Loop (HIL) physical testing, ML model regression pipelines, and End-of-Line (EOL) factory validation.
 
At RoboForce, Test Engineers aren't manual testers—you build the scalable infrastructure, automation engines, and CI/CD pipelines that empower all our engineering disciplines to test their code continuously, rigorously, and automatically.
 
Responsibilities
Test Framework Architecture: Design, build, and maintain a modular, scalable test execution engine (Python/C++) that standardizes how tests are written, triggered, and reported across the entire company. You will own the technical roadmap for this framework, moving us from zero to a fully automated pipeline.
ML Evaluation Infrastructure: Partner with the Autonomy and AI teams to build automated pipelines for testing non-deterministic machine learning models (e.g., vision, perception, manipulation). You will integrate massive datasets and synthetic simulation edge-cases into the CI/CD pipeline to benchmark model performance and catch regressions before deployment.
E2E & Simulation Orchestration: Collaborate closely with the Simulation and Cloud teams to integrate your test framework with our existing physics engines, automating complex E2E autonomy and navigation tests within our CI/CD pipeline.
HIL & Performance Testing Infrastructure: Work with the Embedded and Hardware teams to build the software layer that controls our Hardware-in-the-Loop (HIL) rigs. Develop the profiling tools needed to benchmark compute load, memory utilization, and real-time performance.
EOL Test Software & Packaging: Partner with Manufacturing Operations to package your test framework into a secure, operator-friendly format (e.g., GUIs, automated pass/fail scripts) for the factory floor, ensuring seamless, IP-isolated hardware validation.
Design for Testability (DFT) & Enforcement: Actively participate in cross-functional design reviews, enforcing strict testing standards and ensuring that code from the Autonomy and Embedded teams is inherently testable within your framework. You will have the technical authority to push back on tightly coupled designs and require code to be easily mocked and unit-tested.
Technical Leadership: Act as a force multiplier for the engineering org. Mentor feature developers on automated testing best practices and drive a company-wide culture of rigorous, software-defined validation. (Note: This is a hands-on technical leadership role, not a people management role).
Requirements
Education: B.S. or M.S. in Computer Science, Computer Engineering, Robotics, or equivalent practical experience.
Experience: 6+ years of software engineering experience focused on building test infrastructure, automation frameworks, or CI/CD tooling for complex systems (robotics, autonomous vehicles, aerospace, etc.), with a proven track record of architecting systems from scratch rather than just maintaining existing pipelines.
Advanced Programming: Expert-level Python (OOP, system architecture, test frameworks like Pytest) and strong C++ proficiency (Google Test, Catch2) to design core architectural interfaces with our robotics middleware.
Systems & CI/CD Integration: Deep comfort in Linux environments, bash scripting, and containerization (Docker). Proven experience integrating automated testing into modern CI/CD pipelines (e.g., GitHub Actions, GitLab CI, Buildkite).
Hardware Intuition: Strong systems-level thinking with the ability to understand how software interacts with physical hardware, and experience diagnosing complex integration failures at the boundary of software and physical robotics.
Testing Non-Deterministic Systems: Familiarity with the unique challenges of testing AI/ML models, robotics perception stacks, or other non-deterministic systems at scale.
Requires 5 days/week in-office collaboration with our engineering teams at our headquarters.
Bonus Qualifications
Robotics Middleware: Experience writing testing infrastructure that interfaces with ROS 2, eCAL, or custom pub/sub architectures.
Data Visualization: Experience building test reporting dashboards using tools like Grafana, Foxglove, or custom web interfaces.
Benefits
Competitive stock options/equity programs.
Health, dental, and vision insurance, 401(k) plan.
Visa sponsorship and green card support for qualified candidates.
Lunches and dinners, a fully stocked kitchen, and regular team-building events.",""
"Amazon","Reliability Analytics Engineer, Amazon Robotics","2026-07-29","已投遞","117,300.00 - 160,000.00","https://www.amazon.jobs/en/jobs/10442431/reliability-analytics-engineer-amazon-robotics","Description
Are you inspired by invention? Is problem solving through teamwork in your DNA? We apply advances in robotics and software to solve real-world problems that delight our customers' experiences in ways we can't even imagine yet. Amazon Robotics is at the epicenter of robotics innovation. Our diverse team of engineers come from all over the world to design, test and build our dynamic fleet of robots and mechatronic systems. We design the hardware, write the code, test, build and watch it all come to life. This allows us to innovate quickly and on limitless ideas. Current advancements are underway in self-governing movement and mobility, artificial intelligence and machine learning, manipulation, simulation, robotic management software, predictive analytics, and much more.

We are seeking a Reliability Engineer specializing in reliability data analytics to drive data-informed availability selections across Amazon Robotics product programs and deployed fleet. You will apply reliability engineering methods while owning the assessment tools, datasets, and reporting that the broader reliability engineering team depends on. You will define requirements for data pipelines and dashboards, use AI and automation to build them, and directly develop reliability-specific assessment tools. This role combines hands-on reliability engineering with a strong bias toward data systems, enabling the team to scale its evaluation capacity across multiple product programs simultaneously.

Key job responsibilities
Define data requirements and specifications for reliability pipelines; partner with data engineering teams to build and validate ETL processes that ingest field failures, test data, and product telemetry from enterprise data lakes and EAM systems.

Perform data cleansing, validation, and preparation of reliability datasets (censored life data, field service records, accelerated test results) to ensure assessment correctness before use in making engineering choices.

Translate reliability engineering questions into data queries and assessment workflows structuring ambiguous problems into repeatable, scalable evaluation methods that other engineers can reuse.

Develop and maintain reliability-specific assessment tools and automation using Python, AI/ML, and statistical libraries (e.g., automated failure mode classification, survival assessment calculators, and fleet health monitoring scripts)

Design and specify dashboard requirements for reliability KPIs (availability, MTBF, MTTR, failure rate trends); build prototypes and operationalize production dashboards.

Identify gaps in available data, define collection requirements for new failure modes or test programs, and work with hardware test and field teams to close data gaps.

Establish data governance practices for reliability datasets (i.e. metadata standards, version control, traceability to source systems) so assessment findings are reproducible and auditable.

A day in the life
You run Mean Cumulative Function (MCF) and Weibull examinations on robot fleets, ensuring suspensions are correct before publishing to the reliability team. You meet with data engineers to define telemetry pipeline requirements: necessary fields, censoring rules, and output schemas. You build Python tools that automate reliability growth tracking pulling from the data lake, applying models, and generating standard reports any engineer can run. You deliver failure rate data by subsystem for DFMEA exercises. You refine Machine Learning classifiers that auto-tag field failure tickets by mode, improving accuracy from sustaining team feedback. You're a reliability engineer who understands repairable systems, physics-of-failure, and life data. Your differentiator is scaling expertise through data tools, automation, and AI—building systems the entire team can run.

Amazon offers a full range of benefits for you and eligible family members, including domestic partners and their children. Benefits can vary by location, the number of regularly scheduled hours you work, length of employment, and job status such as seasonal or temporary employment.

The benefits that generally apply to regular, full-time employees include:
1. Medical, Dental, and Vision Coverage
2. Maternity and Parental Leave Options
3. Paid Time Off (PTO)
4. 401(k) Plan

If you are not sure that every qualification on the list above describes you exactly, we'd still love to hear from you! At Amazon, we value people with unique backgrounds, experiences, and skill sets. If you’re passionate about this role and want to make an impact on a global scale, please apply!

About the team
Amazon Robotics Reliability Engineering is a team of experts in diverse engineering disciplines joined by a passion to astonish customers through solving complex optimization problems. We succeed by embracing ambiguity, moving at a fast pace, and supporting each other's growth.

Basic Qualifications
- BS degree in mechanical engineering or equivalent
- 3+ years of working in mechanical engineering or equivalent experience
- Experience with data analysis tools such as Advanced Excel, SQL, Tableau, Python
- Experience applying basic statistical methods (e.g. regression) to difficult business problems

Preferred Qualifications
- Knowledge of data engineering pipelines, cloud solutions, ETL management, databases, visualizations and analytical platforms
- Experience with AWS services including S3, Redshift, EMR and RDS
- Experience managing and deploying ML products
- Experience with reliability tools (Reliasoft, Minitab, JMP, or equivalent)

Amazon is an equal opportunity employer and does not discriminate on the basis of protected veteran status, disability, or other legally protected status.

Our inclusive culture empowers Amazonians to deliver the best results for our customers. If you have a disability and need a workplace accommodation or adjustment during the application and hiring process, including support for the interview or onboarding process, please visit https://amazon.jobs/content/en/how-we-hire/accommodations for more information. If the country/region you’re applying in isn’t listed, please contact your Recruiting Partner.


The base salary range for this position is listed below. Your Amazon package will include sign-on payments and restricted stock units (RSUs). Final compensation will be determined based on factors including experience, qualifications, and location. Amazon also offers comprehensive benefits including health insurance (medical, dental, vision, prescription, Basic Life & AD&D insurance and option for Supplemental life plans, EAP, Mental Health Support, Medical Advice Line, Flexible Spending Accounts, Adoption and Surrogacy Reimbursement coverage), 401(k) matching, paid time off, and parental leave. Learn more about our benefits at https://amazon.jobs/en/benefits.",""
"Amazon","Senior Systems Dev Engineer, Compass","2026-07-29","已投遞","151,200.00 - 204,600.00","https://www.amazon.jobs/en/jobs/10453807/senior-systems-dev-engineer-compass","Description
Are you a hands-on systems dev engineer who wants to own the entire testing ecosystem for a next-generation robot safety system, from building the physical lab to defining the benchmarks that prove our algorithms work? At Amazon Robotics, we're seeking a Senior Systems Dev Engineer who can bridge the gap between lab hardware and software development cycles, ensuring our safety technology matures rapidly and reliably.

Key job responsibilities
• Own the development and buildout of the new Compass lab space, including hardware selection, environment design, and test fixture development for algorithm evaluation
• Design, implement, and maintain the full testing suite supporting all three development loops: feasibility evaluation, benchmarking/maturation, and scalability/optimization
• Define and track metrics across development loops to measure algorithm progress, identify bottlenecks, and streamline iteration cycles
• Develop benchmarking frameworks and test scenarios that rigorously evaluate algorithm performance across robot platforms and operating conditions
• Collaborate with algorithm developers to define test requirements, acceptance criteria, and pass/fail thresholds for each development stage
• Own the scalability and performance testing infrastructure, ensuring algorithms meet real-time and resource constraints as they move toward production


A day in the life
Amazon offers a full range of benefits that support you and eligible family members, including domestic partners and their children. Benefits can vary by location, the number of regularly scheduled hours you work, length of employment, and job status such as seasonal or temporary employment. The benefits that generally apply to regular, full-time employees include:

1. Medical, Dental, and Vision Coverage
2. Maternity and Parental Leave Options
3. Paid Time Off (PTO)
4. 401(k) Plan

If you are not sure that every qualification on the list above describes you exactly, we'd still love to hear from you! At Amazon, we value people with unique backgrounds, experiences, and skillsets. If you’re passionate about this role and want to make an impact on a global scale, please apply!

About the team
Work with the inventors of control barrier functions on a novel, universal approach to safe autonomy: one that scales across mobile robots, manipulators, mobile manipulators, and future robot platforms with dynamic stability. You'll push the boundary of safe performance by integrating safety with motion planning, RL, and foundation models, ensuring that safety is never a blocker to robot performance. Your work will underpin robots operating alongside people at Amazon's unprecendented scale.

Basic Qualifications
- Experience developing test strategies and plans for complex hardware/software systems or systems of systems
- 5+ years of experience in systems dev engineering, test engineering, or lab engineering in a robotics or embedded systems environment
- 3+ years of experience with lab equipment, test fixtures, or physical testing environments for robotics or mechatronic systems
- Programming experience in Python and/or C++ for test automation
- Experience defining and tracking engineering metrics to measure development progress
- Experience working with cross-functional teams spanning hardware and software

Preferred Qualifications
- 5+ years of experience in robotics testing, including algorithm validation on physical robot platforms
- Experience building lab environments from the ground up—including hardware procurement, layout design, and safety considerations
- Experience developing benchmarking frameworks for robotics algorithms (motion planning, control, perception)
- Knowledge of control systems, dynamics, or motion planning sufficient to design meaningful test scenarios
- Experience with simulation-to-real validation workflows (e.g., Gazebo, Isaac Sim, MuJoCo)
- Experience with data acquisition systems, motion capture, or sensor instrumentation for algorithm evaluation
- Familiarity with safety-critical development processes and how testing supports certification objectives
- Experience with test management tools and requirements traceability
- Experience defining development processes, stage gates, or maturity frameworks for algorithm development
- Strong project management skills with ability to track multiple parallel workstreams
- BS/MS in Robotics, Mechanical Engineering, Electrical Engineering, Computer Science, or equivalent

Amazon is an equal opportunity employer and does not discriminate on the basis of protected veteran status, disability, or other legally protected status.

Los Angeles County applicants: Job duties for this position include: work safely and cooperatively with other employees, supervisors, and staff; adhere to standards of excellence despite stressful conditions; communicate effectively and respectfully with employees, supervisors, and staff to ensure exceptional customer service; and follow all federal, state, and local laws and Company policies. Criminal history may have a direct, adverse, and negative relationship with some of the material job duties of this position. These include the duties and responsibilities listed above, as well as the abilities to adhere to company policies, exercise sound judgment, effectively manage stress and work safely and respectfully with others, exhibit trustworthiness and professionalism, and safeguard business operations and the Company’s reputation. Pursuant to the Los Angeles County Fair Chance Ordinance, we will consider for employment qualified applicants with arrest and conviction records.

Our inclusive culture empowers Amazonians to deliver the best results for our customers. If you have a disability and need a workplace accommodation or adjustment during the application and hiring process, including support for the interview or onboarding process, please visit https://amazon.jobs/content/en/how-we-hire/accommodations for more information. If the country/region you’re applying in isn’t listed, please contact your Recruiting Partner.


The base salary range for this position is listed below. Your Amazon package will include sign-on payments and restricted stock units (RSUs). Final compensation will be determined based on factors including experience, qualifications, and location. Amazon also offers comprehensive benefits including health insurance (medical, dental, vision, prescription, Basic Life & AD&D insurance and option for Supplemental life plans, EAP, Mental Health Support, Medical Advice Line, Flexible Spending Accounts, Adoption and Surrogacy Reimbursement coverage), 401(k) matching, paid time off, and parental leave. Learn more about our benefits at https://amazon.jobs/en/benefits.",""
"Civ Robotics","Field Application Engineer","2026-07-29","已投遞","","https://jobs.gem.com/civrobotics-com/am9icG9zdDorDlAqJEOXcktugV6nHcaV?applicant_guid=cb0f5154-0ae1-4faf-8a53-461023e4fe7b&source=JobTarget%20via%20Linkedin%20Promotion&utm_source=JobTarget&utm_medium=Linkedin%20Promotion&utm_campaign=Field%20Application%20Engineer%20am9icG9zdDorDlAqJEOXcktugV6nHcaV&_jtochash=6WOrabSYpAGDktDZEfRDQK&_jtocprof=8D3v9jp6mkQZ2i-F627H_jWp2tuxmcvv","About Civ Robotics

Civ Robotics is transforming how infrastructure and renewable energy projects are built. Our mission is to empower construction teams to build faster, more accurately, and more efficiently through reliable robotic technology that streamlines construction, reduces risk, and creates measurable value on every project.
Our autonomous layout solutions combine robotics, advanced navigation, and high-precision positioning to automate repetitive and labor-intensive construction tasks. Civ’s technology is used across solar farms, earthworks, roads, airports, and other large-scale infrastructure projects, helping teams simplify field operations, improve precision, reduce rework, and accelerate project timelines.  
With robots operating across five continents and supporting renewable energy and infrastructure projects worldwide, we are helping lead the shift toward smarter, safer, and more efficient construction. Join our team and help build practical robotics technology that is making a measurable impact in the field.

About the Role

As a Field Application Engineer, you’ll play a key role in ensuring our robots are successfully deployed, maintained, and supported throughout their lifecycle.
This is a highly hands-on position that combines customer-facing field work with in-house technical operations. You’ll travel to customer sites to deploy robots, train operators, troubleshoot technical issues, and provide ongoing support, while also helping maintain our internal robot fleet, prepare robots for shipment, perform repairs, and support product testing in our San Francisco office.
You’ll work closely with R&D, and Sales teams, serving as the bridge between our customers and our product.

What You’ll Do
Deploy, configure, test, and troubleshoot Civ robotic systems at customer sites.
Train customers on robot operation, maintenance, software workflows, and best practices.
Provide remote and on-site technical support to customers, diagnosing hardware, software, and operational issues.
Travel throughout the U.S. and internationally to support deployments, training, and customer success.
Prepare, inspect, calibrate, and validate robots before shipment and customer deployment.
Perform routine maintenance, repairs, upgrades, and quality checks on Civ’s internal robot fleet.
Assemble, repair, and troubleshoot electrical, mechanical, and electromechanical components, including wiring, sensors, batteries, motors, and related hardware.
Support engineering with product testing, validation, prototype evaluation, and new feature verification.
Maintain spare parts inventory, repair records, and service documentation.
Document customer issues, troubleshooting procedures, and field learnings to improve internal knowledge and training materials.
Collect customer feedback and communicate product improvement opportunities to Engineering and Product teams.
Help improve deployment processes, service procedures, and technical documentation.

What We’re Looking For
3+ years of experience in robotics, field applications, technical support, hardware support, autonomous systems, drones, mechatronics, or similar hands-on technical roles.
Experience working directly with customers in technical support, deployment, training, or field service environments.
Hands-on experience with robotics, electronics, wiring, sensors, batteries, motors, mechanical assemblies, and system troubleshooting.
Strong troubleshooting skills across hardware, electrical, mechanical, and basic software issues.
Experience assembling, repairing, maintaining, or testing complex technical equipment.
Familiarity with diagnostic tools, firmware updates, software logs, or basic debugging.
Experience with ROS, Linux, Git, or scripting is a plus.
Experience with GNSS/GPS, construction technology, surveying, autonomous vehicles, or drones is a plus.
Strong communication skills and the ability to explain technical concepts to both technical and non-technical users.
Comfortable working independently in the field while collaborating closely with cross-functional teams.
Organized, detail-oriented, and proactive in managing equipment, repairs, and documentation.
Comfortable working in a fast-paced startup environment.
Willingness to travel domestically and internationally for customer deployments.
Valid driver’s license.

Why Join Civ Robotics
Work on cutting-edge robotics deployed on real construction sites around the world.
Be part of a fast-growing startup transforming the construction industry.
Enjoy a role that combines field work, customer interaction, robotics, and hands-on engineering.
Collaborate closely with Engineering, Operations, Product, and Customer Success teams.
Competitive salary, equity, and comprehensive benefits.
Opportunity to make a direct impact on the success of both our customers and our products.",""
"OSI Engineering","System Integration Test Lead","2026-07-29","已投遞","","https://www.linkedin.com/jobs/view/4444009298/","About the job
System Integration Test Lead

 Are you ready to take on a leadership role in a fast-paced, cutting-edge environment? We are looking for a System Integration Test Lead to join our team at a top consumer electronics company in Cupertino, CA! This is your chance to work with industry leaders, drive innovation, and play a crucial role in the manufacturing test readiness of world-class products.

 As a Test Lead, you will work alongside a team of highly skilled Technical Program Managers (TPMs), ensuring seamless execution of system-level testing for next-generation consumer technology. If you're passionate about problem-solving, thrive under pressure, and enjoy working with cross-functional teams to bring products to life, this role is for you!

 

 Key Responsibilities:



Oversee preparation and execution of test readiness activities, including managing the transition from Surface-Mount Technology (SMT) to final assembly across all phases of product New Product Introduction (NPI) development
Plan, execute and complete build dry runs to ensure manufacturing test readiness for NPI builds, identifying potential issues before full production and generating daily build reports in clear, regular updates to engineers
Quickly identify, troubleshoot, and resolve any test-related issues that arise during the build process, ensuring minimal disruption and maintaining timelines
Create and implement strategic plans for addressing problems, ensuring timely and effective solutions
Work closely with engineering, manufacturing, and other cross-functional teams to ensure seamless communication and alignment on project goals and deliverables
Regularly track and report on the status of test progress, readiness, and outcomes, ensuring transparency and accountability throughout the project lifecycle
Continuously refine and improve test processes and methodologies to enhance quality, efficiency, and product maturity, ensuring compliance with industry standards and best practices
Ensure product test quality standard and manufacturing criteria are met


 Minimum Qualifications



BS or MS System/EE/SW Degree with 3+ years of relevant industry experience on product engineering testing, development
Deep understanding of system and hardware fundamentals and a background in the design of complex systems
Strong analytical and problem-solving skills, with the ability to lead & thrive in a fast-paced environment
Understands and deals well with rapid New Product Development cycles; remains flexible when faced with uncertainty and changes in direction
Experience with failure analysis and troubleshooting
Excellent communication, organizational, presentation and leadership skills with the ability to articulate complex issues clearly
Self motivated and proactive with demonstrated creative and critical thinking capabilities
Proficient in MacOS, iOS


Preferred Qualifications



Experience in managing cross-functional teams and collaborating with international Original Equipment Manufacturers (OEM) partners to facilitate the mass production of consumer electronics products
Manufacturing testing methodologies (HW & SW test validation)
Experience with program management is a plus
Prior experience with one or more of the following technologies: Acoustics, Display, Touch, Imaging Sensors, Motion Sensors, PCBA, Power or Battery
Experience with embedded system integration and development",""
"Tools for Humanity","Tech Lead, Device Automation & QA","2026-07-29","已投遞","","https://jobs.ashbyhq.com/Tools%20for%20Humanity/73771c91-eddd-4602-9195-91e11bbbbf71?utm_source=ANvNEK54Dn","About the Company:

Tools for Humanity (TFH) designs and builds technology behind World. World is building a real human network designed to accelerate people in the age of AI. As bots and autonomous agents reshape the internet, people, institutions, and applications need a trusted way to confirm who is a real human while preserving privacy. The TFH and World tech stacks make this possible: the Orb verifies real, unique people, World ID proves it privately, and World App puts these capabilities, and more, in people’s hands. Together, they add a human layer to an AI-driven internet.

World is already running at a global scale. More than 17 million people across 160 countries have verified with World ID, and more new Orb verifications take place each week. World App is already among the most used wallets globally. Developers are integrating World ID to build safer online experiences and create spaces where real people can participate, earn, and be recognized in ways AI simply can’t replicate.

Founded in 2019, TFH has more than 400 people across hardware, software, AI, cryptography, mobile engineering, and global operations. Our teams come from OpenAI, Tesla, SpaceX, Apple, Google, Stripe, Meta, Coinbase, Palantir and MIT Media Lab. We’re backed by leading investors, including a16z, Khosla Ventures, Bain Capital Crypto, Blockchain Capital, Variant, Tiger Global, and Coinbase Ventures, as well as prominent operators and founders across fintech and AI.

TFH and World have been featured on the cover of TIME Magazine, highlighted in Fast Company’s Next 5 in Fintech, and explored in a Bloomberg deep dive. The New York Times, Bankless and TechCrunch have all recognized our collective progress in identity, cryptography, AI, and global-scale hardware deployment. Our leadership is also named to the Time AI 100. Learn more about the newest product launches from our Liftoff event.

About the team

The Device Software team develops the magical experiences that enable the missions of TFH. We are passionate about making great products. We own problems end-to-end and are able to lead cross-functional teams when needed. We love to collaborate but are not afraid to make decisions. We value open communication and are not afraid to fail - we see the value in learning quickly more than making a perfect decision. We really enjoy working with each other and only bring on the best talent.

About the role

We are looking for a Device Automation & QA Lead to own software quality end-to-end for our device platforms. This role is the final quality gate for device software releases and operates alongside but independently from product development teams, with clear accountability for release readiness, test coverage, and test fleet health.

You will design, build, and operate a scalable automated test infrastructure spanning devices, hardware-in-the-loop (HIL), backend services, and CI/CD systems. Your work will directly enable faster development cycles, higher release confidence, and fewer issues reaching the field.

You will write and review test code, design test architectures, interact directly with hardware, and set the quality bar for multiple device product lines. Over time, this role will define how quality scales as our device portfolio, team size, and system complexity grow.

In this role, you will:

Own the automation and QA strategy for Device Software, serving as the independent verification and final release gate for all device releases

Recruit and hire top talent to the QA team that will be able to be self-sufficient within the realms of software, hardware and fleet management

Act as the build and release manager including release scheduling, readiness reviews, and release notes

Design, implement, and evolve a large-scale automated test fleet, including test devices, test stations, and custom HIL systems

Architect and operate test infrastructure spanning:

Devices (Orb and future products)

Test stations that interact with devices like a human would

Backend services, CI/CD pipelines, and fleet management tooling

Designing and automating regression, smoke, and nightly test workflows

Define quality benchmarks and test strategies in partnership with project leads for new products and features

Enable scalable fleet operations, including:

Automated test deployment and updates

CI-triggered test execution

Monitoring and troubleshooting of test failures

Investigate and reproduce field issues, acting as first-line triage before handing off to firmware, software, hardware, and backend teams

Continuously improve test coverage, execution speed, and system reliability, including negative and fault-injection testing

You might thrive in this role if you have:

Are deeply hands-on with software and hardware, comfortable debugging real devices, test rigs, and electrical signals

Have designed or owned automation systems at scale, including fleets of test devices

Write and review high-quality test code and enjoy building reusable, maintainable test frameworks and libraries

Can read production firmware and software code to understand system behavior and translate that understanding into targeted tests

Are naturally curious and proactive— you dig for bugs, edge cases, and failure modes others miss. A human fuzz tester

Are comfortable setting direction with ambiguity and do not require detailed test instructions to get started

Lead with collaboration and low ego, earning trust by delivering value

Think in systems—anticipating future bottlenecks in testing, release processes, and infrastructure before they become problems

Are not afraid to break things in the name of learning, validation, and quality

Pay transparency statement (for CA and NY based roles):

The reasonably estimated salary for this role at TFH in San Francisco ranges from $217,000 - $260,000, plus a competitive long term incentive package, and may include variable compensation. Actual compensation is based on factors such as the candidate's skills, qualifications, and experience. In addition, TFH offers a wide range of best in class, comprehensive and inclusive employee benefits for this role including healthcare, dental, vision and mental health benefits, a 401(k) plan and match, life insurance, flexible time off, commuter benefits, professional development stipend and much more!",""
"Abbott","Manager, Test Automation","2026-07-29","已投遞","","https://www.jobs.abbott/us/en/job/ABLAUS31151040ENUSEXTERNAL/Manager-Test-Automation?utm_source=linkedin&utm_medium=phenom-feeds","Abbott is a global healthcare leader that helps people live more fully at all stages of life. Our portfolio of life-changing technologies spans the spectrum of healthcare, with leading businesses and products in diagnostics, medical devices, nutritionals and branded generic medicines. Our 115,000 colleagues serve people in more than 160 countries.

Working at Abbott

At Abbott, you can do work that matters, grow, and learn, care for yourself and your family, be your true self, and live a full life. You’ll also have access to:

Career development with an international company where you can grow the career you dream of.
Employees can qualify for free medical coverage in our Health Investment Plan (HIP) PPO medical plan in the next calendar year.
An excellent retirement savings plan with a high employer contribution.
Tuition reimbursement, the Freedom 2 Save student debt program, and FreeU education benefit - an affordable and convenient path to getting a bachelor’s degree.
A company recognized as a great place to work in dozens of countries worldwide and named one of the most admired companies in the world by Fortune.
A company that is recognized as one of the best big companies to work for as well as the best place to work for diversity, working mothers, female executives, and scientists.
THE OPPORTUNITY
At Lingo, we’re building a groundbreaking health platform that combines continuous biosensor data, real-time analytics, and personalized insights to help people live fuller, longer, and healthier lives. Our systems ingest millions of sensor readings daily, powering experiences for consumers and partners worldwide, with the reliability and scalability of cloud-native, enterprise-grade platforms.

We are looking for a Manager, Test Automation to help accelerate growth on a globally distributed team. In this role, you will lead the design, implementation, and scaling of our automated testing capabilities across our engineering organization, while managing and developing a test automation and quality engineering team. You will partner closely with Engineering, Product, and Data teams to ensure automated quality signals are fast, reliable, and actionable, and that our releases maintain a high bar for safety, reliability, and user experience. The role requires a hands-on leader who enjoys building automation, coaching engineers, and improving quality systems through pragmatic process and tooling.

You will own the test automation strategy across Lingo’s platforms, mobile applications, CGM and biosensor data pipelines, AI/ML services, and the broader consumer platform. You’ll help define what to automate, how to automate it, and how to integrate automation into CI/CD so teams can ship frequently with confidence. You will also manage and develop a team of automation and quality engineers, aligning execution across time zones with consistent standards, tooling, and reporting.

What You’ll Work On 

Lead a test automation team in a globally distributed environment, setting clear priorities, delivery plans, and a sustainable operating rhythm.
Design and evolve automation frameworks for mobile (iOS/Android), backend services, APIs, and data pipelines, with an emphasis on reliability, maintainability, and speed.
Integrate automated test suites into CI/CD pipelines to provide fast, actionable feedback and reduce time-to-detect regressions.
Establish automation coverage strategy (what to test where), quality gates, and release readiness criteria in partnership with Engineering and Product.
Own test data, environments, and tooling required to support continuous releases across mobile and platform surfaces.
Coach and develop engineers through code reviews, technical mentorship, and best-practice guidance for test design and automation patterns.
Partner with teams building biosensor/CGM ingestion and analytics to validate data integrity and reliability through automated checks and monitoring.
Support test-related compliance and audit readiness by producing clear, maintainable evidence from automated pipelines and structured test documentation.
Champion shift-left quality practices by helping teams bake testability into design and development workflows.
Required Qualifications

Bachelor’s degree in computer science, software engineering, or a related field, or equivalent practical experience.
10+ years in software quality, test automation, or software engineering, including 3+ years leading, managing, and developing engineers.
Strong hands-on experience building and maintaining automated test frameworks and infrastructure (not just running manual test teams), with the ability to guide architecture and standards.
Experience with mobile automation (iOS and/or Android) and testing consumer-facing applications at scale.
Experience with API and service-level testing, including contract testing and integration testing patterns.
Hands on experience building scalable automation frameworks (e.g., PyTest, Playwright, Jest, REST Assured)
Solid understanding of SDLC, QA methodologies, and compliance requirements such as HIPAA and GDPR.
Experience improving test stability and developer trust (e.g., reducing flakiness, optimizing runtimes, hardening test environments).
Ability to create automation roadmap, prioritize testing effort, and deliver outcomes through clear communication.
Working knowledge of regulated quality practices and documentation expectations (e.g., IEC 62304, ISO 13485, 21 CFR Part 820/11) or strong willingness to learn.
Strong communication and cross-functional collaboration skills, with the ability to align engineering teams and stakeholders on pragmatic quality goals.
Preferred Qualifications

Experience supporting distributed teams across multiple time zones, with effective remote leadership and collaboration habits.
Demonstrated ability to manage stakeholders and drive alignment on quality gates, release readiness, and engineering productivity improvements.
Background validating data-intensive platforms (IoT, sensor data pipelines, streaming/real-time processing) using automated checks and monitoring.
Experience with AI/ML system testing concepts (model validation, drift detection, and testing for probabilistic outputs).
Experience with CGM, bio-wearable, or medical device software quality, particularly where hardware and software quality intersect.
Experience supporting Regulatory Affairs/Quality Assurance teams during audits by producing clear, traceable evidence from automated pipelines.
Background in non-functional testing (performance/reliability) tools such as Locust, JMeter, Gatling, or k6.
Learn more about our health and wellness benefits, which provide the security to help you and your family live full lives:  www.abbottbenefits.com

Follow your career aspirations to Abbott for diverse opportunities with a company that can help you build your future and live your best life. Abbott is an Equal Opportunity Employer, committed to employee diversity.



The base pay for this position is $130,700.00 – $261,300.00. In specific locations, the pay range may vary from the range posted.",""
"Zoox","Manufacturing Test Engineer","2026-07-28","已投遞","$158,000 - $196,000","https://jobs.lever.co/zoox/e0d46302-6fa2-45a7-927d-cd11ccf1843e","Zoox is looking for a manufacturing test engineer to be responsible for manufacturing testing of our sensors and ECUs used in our autonomous vehicle.  In this role, you will be developing automated tests for critical components, including but not limited to lidars, cameras, radars, telematics, HV modules, sensor pod accessories, etc.  You will work cross-functionally with our electrical engineering and software teams to develop and test new products and technologies. 


We are looking for an engineer who is curious, enthusiastic, and not afraid to embrace new technologies! Ability to work independently as well as organize work around schedules and critical deadlines is a definite plus.

In this role, you will:
Build, release & support test solutions for use on the manufacturing lines at Zoox and at contract manufacturing partners

Develop testing scripts to verify functionality, control test instruments, capture test parameters, and analyze results for continuous improvement

Implement adequate test coverage across all phases of manufacturing (PCBA, module, system, vehicle) through collaboration with other teams

Release updated test programs for new generations of hardware and software

Establish best practices and drive continuous improvement on test deployment, runtime, and yield

Qualifications:
BS in electrical engineering, computer engineering, computer science, physics, or equivalent technical degree

5+ years of relevant experience

Strong knowledge of Python and shell (bash) scripting

Strong knowledge of testing and troubleshooting complex electronic assemblies in a manufacturing environment

Experience in developing automated manufacturing tests on Linux.  Ability to debug failures using commands in the terminal

Experience working with contract manufacturers.  

Familiarity with SMT testing methods

Bonus Qualifications:
MS in electrical engineering, computer engineering, computer science, physics, or equivalent technical degree

Experience in automotive sensors, ECUs, ethernet & communication protocols such as CAN

Knowledge of pytest, unittest, or similar test frameworks

$158,000 - $196,000 a year
There are three major components to compensation for this position: salary, Amazon Restricted Stock Units (RSUs), and Zoox Stock Appreciation Rights. A sign-on bonus may be offered as part of the compensation package. The listed range applies only to the base salary. Compensation will vary based on geographic location and level. Leveling, as well as positioning within a level, is determined by a range of factors, including, but not limited to, a candidate's relevant years of experience, domain knowledge, and interview performance. The salary range listed in this posting is representative of the range of levels Zoox is considering for this position.
 
Zoox also offers a comprehensive package of benefits, including paid time off (e.g. sick leave, vacation, bereavement), unpaid time off, Zoox Stock Appreciation Rights, Amazon RSUs, health insurance, long-term care insurance, long-term and short-term disability insurance, and life insurance.
We may use artificial intelligence (AI) tools to support parts of the hiring process, such as reviewing applications, analyzing resumes, or assessing responses and identifying potential inconsistencies or verification signals in application materials based on available information. These tools assist our recruitment team but do not replace human judgment. Final hiring decisions are ultimately made by humans. If you would like more information about how your data is processed, please contact us.",""
"Zoox","Autonomy System Test Engineer","2026-07-28","已投遞","$143,000 - $177,000","https://jobs.lever.co/zoox/f4746da4-8eb8-43e2-b7ce-bf3c7cf9640d","Autonomous vehicles have some of the largest, most complex software ever shipped in a safety-critical environment. Solving that problem is one of the most exciting technical challenges of our lifetime.
 
As an Autonomy Systems Test Engineer at Zoox, you will help accelerate our product development by helping our developers build the safest and most reliable autonomous driving software possible. As developers build new features, you will oversee the development of extensive test plans, develop standardized simulated test design tooling processes to execute many different scenarios and put together triage pipelines for analyzing issues seen during offline and on-vehicle testing. These efforts are critical to exposing unforeseen failure modes, implementation bugs, and other issues as a result of new feature development. You will participate regularly in in-vehicle testing missions where you will see these new features behaving in the real world. Following these missions, you will help triage and root cause issues seen during testing, analyze test results to ensure existing functionality does not regress from release to release, and update our testing processes to ensure QA can continue scaling efficiently with future Zoox milestones. Your ability to distill complex systems and root cause issues will be critical to producing a safe and stable vehicle platform.
In this role, you will:
Create test strategies and test plans for Zoox’s self-driving behavior features.

Identify, track, report, and resolve test strategy, planning, or implementation issues with cross-functional software development teams

Propose, prototype, and validate a new testing methodology for driving software features using automated metrics.

Design, develop, and execute synthetic and log-based test scenarios on an in-house simulation test framework

Compile triage strategy and triage results from different QA validation platforms and pipelines 

Lead cross-functional QA participation in various testing pipelines, initiatives, and enablement projects.

Qualifications:
Bachelor’s or Master’s in Computer Science, Electrical Engineering, or related field
3+ years of experience in designing and implementing scalable software systems test strategies with excellent analytical, problem-solving, and prioritization skills
Proficiency with automated test framework and test automation
Experience with JIRA, GIT, Linux command line, Python, or other scripting languages
Strong organizational, leadership, and communication skills
 

Bonus Qualifications:
Relevant industry experience in software and systems testing for robotics, autonomous mobility, or safety-critical systems.
Familiarity with ISO 26262 or other safety standards
Proficiency with Claude Code or other AI coding tools 
$143,000 - $177,000 a year
Base Salary Range
 
There are three major components to compensation for this position: salary, Amazon Restricted Stock Units (RSUs), and Zoox Stock Appreciation Rights. A sign-on bonus may be offered as part of the compensation package. The listed range applies only to the base salary. Compensation will vary based on geographic location and level. Leveling, as well as positioning within a level, is determined by a range of factors, including, but not limited to, a candidate's relevant years of experience, domain knowledge, and interview performance. The salary range listed in this posting is representative of the range of levels Zoox is considering for this position.
 
Zoox also offers a comprehensive package of benefits, including paid time off (e.g. sick leave, vacation, bereavement), unpaid time off, Zoox Stock Appreciation Rights, Amazon RSUs, health insurance, long-term care insurance, long-term and short-term disability insurance, and life insurance.
About Zoox
Zoox is developing the first ground-up, fully autonomous vehicle fleet and the supporting ecosystem required to bring this technology to market. Sitting at the intersection of robotics, machine learning, and design, Zoox aims to provide the next generation of mobility-as-a-service in urban environments. We’re looking for top talent that shares our passion and wants to be part of a fast-moving and highly execution-oriented team.

Follow us on LinkedIn

Accommodations
If you need an accommodation to participate in the application or interview process please reach out to accommodations@zoox.com or your assigned recruiter.

A Final Note:
You do not need to match every listed expectation to apply for this position. Here at Zoox, we know that diverse perspectives foster the innovation we need to be successful, and we are committed to building a team that encompasses a variety of backgrounds, experiences, and skills.
We may use artificial intelligence (AI) tools to support parts of the hiring process, such as reviewing applications, analyzing resumes, or assessing responses and identifying potential inconsistencies or verification signals in application materials based on available information. These tools assist our recruitment team but do not replace human judgment. Final hiring decisions are ultimately made by humans. If you would like more information about how your data is processed, please contact us.",""
"Zoox","Senior / Staff Quality Engineer","2026-07-28","已投遞","$178,000 - $221,000","https://jobs.lever.co/zoox/d939f359-805f-45c7-bac2-35e137d1f65b","The Quality Engineer will interact with Corporate Quality, Field Quality, Manufacturing, Design Engineering, and fleet operations to ensure the products released to service are meeting design specifications, functionality, customer expectations, and required documentation. The successful candidate must have the ability to meet tight deadlines, have strong interpersonal and communication skills, be detail-oriented, and be able to work independently. 
In this role, you will:
Manage quality issue tracking to implement Containment, drive Root Cause Analysis and Corrective Action for non-conformances identified during production quality audits and vehicle release process.
Support diagnosis of NVH issues reported during Rider Quality Audit and EFR process ; establish standard NVH inspection process and define required tools.  
Design, champion, and execute strategic continuous improvement initiatives to enhance the effectiveness and efficiency of production quality audit, EFR  and issue resolution
Work cross-functionally with Supplier Quality, Manufacturing and Vehicle Development to strategically resolve systemic product and process issues.
Support develop and review of PFMEA and Control Plans to ensure compliance and robust risk mitigation strategies for all critical manufacturing processes.  
Good ability to communicate technical results clearly and accurately and drive issues to successful closure.
Qualifications
BS in Mechanical, Manufacturing, or Industrial Engineering
Minimum 8 years of experience in a manufacturing environment, preferably automotive, aviation or contract manufacturing.
Proven expertise in advanced problem-solving methodologies (e.g., Shainin Red X, Six Sigma Black/Green Belt) and demonstrated success driving systemic quality improvements across the value stream.
Strong planning, organizational, analytical, negotiation, interpersonal, decision-making, oral and written communication skills
Bonus Qualifications
Automotive OEM or Tier 1 supplier experience
Expertise in using quality management and ERP systems (SAP, MES, JIRA, etc.) for data extraction, analysis, and reporting.
ASQ Certification (e.g., Certified Quality Engineer - CQE or Six Sigma Black Belt).
$178,000 - $221,000 a year
There are three major components to compensation for this position: salary, Amazon Restricted Stock Units (RSUs), and Zoox Stock Appreciation Rights. A sign-on bonus may be offered as part of the compensation package. The listed range applies only to the base salary. Compensation will vary based on geographic location and level. Leveling, as well as positioning within a level, is determined by a range of factors, including, but not limited to, a candidate's relevant years of experience, domain knowledge, and interview performance. The salary range listed in this posting is representative of the range of levels Zoox is considering for this position.
 
Zoox also offers a comprehensive package of benefits, including paid time off (e.g. sick leave, vacation, bereavement), unpaid time off, Zoox Stock Appreciation Rights, Amazon RSUs, health insurance, long-term care insurance, long-term and short-term disability insurance, and life insurance.

About Zoox
Zoox is developing the first ground-up, fully autonomous vehicle fleet and the supporting ecosystem required to bring this technology to market. Sitting at the intersection of robotics, machine learning, and design, Zoox aims to provide the next generation of mobility-as-a-service in urban environments. We’re looking for top talent that shares our passion and wants to be part of a fast-moving and highly execution-oriented team.

Follow us on LinkedIn

Accommodations
If you need an accommodation to participate in the application or interview process please reach out to accommodations@zoox.com or your assigned recruiter.

A Final Note:
You do not need to match every listed expectation to apply for this position. Here at Zoox, we know that diverse perspectives foster the innovation we need to be successful, and we are committed to building a team that encompasses a variety of backgrounds, experiences, and skills.
We may use artificial intelligence (AI) tools to support parts of the hiring process, such as reviewing applications, analyzing resumes, or assessing responses and identifying potential inconsistencies or verification signals in application materials based on available information. These tools assist our recruitment team but do not replace human judgment. Final hiring decisions are ultimately made by humans. If you would like more information about how your data is processed, please contact us.",""
"LuminX","Robotics Engineer","2026-07-28","已投遞","","","About LuminX

Warehouses still run on clipboards and barcode guns. Every day, billions of dollars in pallets move through docks where humans manually scan, count, and verify — and when something goes wrong, no one notices until a customer complains.


LuminX is changing that. We build AI camera systems that watch every pallet move in real time, read every label and barcode automatically, and surface errors the moment they happen. We're already deployed with major customers in automotive and cold storage, and we're growing quickly. We raised $5.5M in seed funding from top investors and have a senior team that includes alumni from leading robotics and AI companies.


The Role



We’re hiring a Robotics Systems Engineer to own the software and systems that run on our edge AI devices—the embedded compute, cameras, device software, and hardware integrations that make LuminX work in customer warehouses. You’ll spend most of your time on the edge stack, but you’re a hands-on generalist at heart, comfortable moving between software, hardware, and field deployment when the problem calls for it.


Our devices live in real warehouses with real power, networking, temperature, and physical constraints. Debugging at the hardware-software boundary is part of the job, not a side quest. You do not need to be an electrical or mechanical engineer, but you should be comfortable tracing a wiring issue, testing or replacing a component, adjusting a mount, bringing up new hardware, or traveling to a customer site to get a system working.


What You'll Do

Develop and maintain software running on NVIDIA Jetson and Rockchip-based edge devices.
Integrate and troubleshoot cameras, sensors, networking equipment, storage, and other peripherals.
Build device services for camera capture, health monitoring, telemetry, configuration, and remote management.
Diagnose issues across Linux, device software, networking, power, and hardware integration.
Create tools for device provisioning, testing, deployment, logging, and over-the-air updates.
Support the bring-up and validation of new edge hardware.
Work with the ML team to deploy and evaluate models on edge devices.
Work with the hardware team to improve device reliability, installation, and serviceability.
Travel to customer sites to support installations and diagnose issues.
Turn lessons from field deployments into better software, tooling, and system design.


What We're Looking For

3+ years of experience in robotics, embedded systems, computer engineering, or a similar hands-on engineering role.
Experience working with embedded Linux or edge computing platforms such as NVIDIA Jetson, Rockchip, or Raspberry Pi.
Proficiency in Python, C++, or both.
Comfort working in Linux and debugging processes, logs, system services, networking, and connected devices.
Experience integrating cameras, sensors, compute modules, or other physical hardware.
A practical understanding of wiring, power, connectors, and basic electrical troubleshooting.
Strong problem-solving skills and the ability to diagnose issues across multiple parts of a system.
Willingness to perform hands-on work and occasionally travel to customer sites.
A high degree of ownership and comfort working in an early-stage startup environment.


Bonus Points For

Experience with JetPack, CUDA, TensorRT, or DeepStream.
Experience with Rockchip platforms, including RK3588.
Familiarity with camera interfaces such as MIPI CSI, USB3, GigE, GMSL, or V4L2.
Experience with GStreamer, FFmpeg, RTSP, or video capture pipelines.
Familiarity with Docker, OTA updates, fleet management, or cloud telemetry.
Experience using multimeters or other basic diagnostic equipment.
Experience deploying robotics, computer vision, industrial automation, or IoT systems in real customer environments",""
"Level Home","Sr. Electrical Engineer","2026-07-28","已投遞","$140,000 - $220,000","","About the company:

Founded by ex-Apple Product and Engineering leaders, Level is redefining the smart home with technology that is simple, intuitive, useful, and invisible. At Level, we take a unique approach to designing products - one that shifts focus from what we make to how we make it and who we make it for. It’s an approach that results in elegant and unique solutions, raising the bar for the entire smart home ecosystem.

Now part of the Assa Abloy family, a global leader in access solutions, Level is positioned to accelerate innovation and expand our reach even further. This partnership strengthens our ability to deliver world-class smart home experiences while maintaining the vision and design excellence that have always set us apart.

About the role:

As a Senior Electrical Design Engineer, you will be a technical leader in designing innovative hardware products from concept through mass production. You will drive system architecture, component selection, and hardware design, optimizing for metrics like power consumption, cost, size, RF performance, and usability.

You will work closely with cross-functional teams to prototype, validate, and launch high-quality hardware products. You will contribute novel solutions to improve existing products and processes, while mentoring junior engineers and helping shape engineering culture.

Responsibilities:

Lead hardware design from concept through mass production
Own system-level architecture and schematic design
Perform and oversee prototype assembly, bring-up, and debugging
Conduct root cause analysis and corrective action for hardware issues
Collaborate daily with mechanical and firmware teams to implement integrated solutions
Develop and maintain documentation including BOMs, schematics, layouts, test reports
Drive product compliance through EMC/ESD and regulatory testing (FCC, UL, etc.)
Support manufacturing partners during development builds and production ramp
Mentor junior team members and contribute to best practices and design reviews
Required Qualifications:

4+ years of experience designing and shipping hardware products
Strong fundamentals in both analog and digital electronics
Proficient with schematic capture and PCB layout tools (e.g., Cadence, Altium, etc.)
Experience designing low-power embedded systems and optimizing power consumption
Skilled in hands-on prototyping, soldering, and debug
Proficient in using oscilloscopes, logic analyzers, power meters, and other lab tools
Strong communication skills, including the ability to explain complex issues to non-technical stakeholders
Self-motivated and able to work independently
Experience collaborating with contract manufacturers and scaling designs to production
It would be great if you possess:

Experience with EMC/ESD compliance and test fixture development
BLE / Wi-Fi / LoRa / UWB RF layout and antenna tuning experience
Familiarity with PLM tools (e.g., Arena) and hardware revision control
Experience with DFM/DFT and test jig development
Familiarity with reliability testing (e.g., HALT/HASS, thermal cycling)
Python scripting or embedded C for test automation or board-level validation
Mechanical CAD collaboration (e.g., STEP files, tolerance stacks)
Compensation & Benefits:

The salary range for this role is $140K-$220K and we consider a broad scope of factors when making compensation decisions.
In addition, we provide a comprehensive benefits package including paid time off, a bonus plan, a 401(k) plan, education assistance, and an environment that reflects our commitment to our employees.
More about Level Home:

When we look around our homes today, we see opportunity. We see “smart” products that lack utility and connected devices that push us further apart. We see consumers with high expectations, current standards set too low, and products that simply fail to deliver.

Level Home Inc. is re-inventing the standard. We’re redefining “smart”, to center around thoughtfulness, practicality, and the people who make the problem worth solving. We approach product design with a blank slate, zero assumptions, and an open mind because the way a problem is defined sets the stage for its solution. We couple deep expertise with unbridled curiosity, because to us “smart” means simple, intuitive, and useful.

We start with empathy, take new perspectives, and challenge existing standards. People are at the heart of what we do, and respecting their style, choices, and preferences is the first step to uncovering a thoughtful solution that truly improves their daily lives. After all, we’re not just designing products for a house, we are designing them for the people who make it a home.

Level Home Inc. is an Equal Opportunity Employer and all qualified applicants will receive consideration for employment without regard to race, color, religion, disability or genetic information, sex, sexual orientation, gender identity, or national origin.

A note to recruitment agencies: Please don’t reach out to Level employees or leaders about our roles -- we’ve got recruiting covered. We don’t accept unsolicited agency resumes and we are not responsible for any fees related to unsolicited resumes. Thank you for your understanding.

Job Type: Full-time

Pay: $140,000.00 - $220,000.00 per year

Benefits:

401(k)
401(k) matching
Dental insurance
Health insurance
Paid time off
Parental leave
Relocation assistance
Tuition reimbursement
Vision insurance
Schedule:

8 hour shift
People with a criminal record are encouraged to apply

Work Location: In person",""
"Baseten","Product Engineer - Dedicated Inference","2026-07-26","已投遞","$165K – $330K","https://jobs.ashbyhq.com/baseten/fc6e5f2e-eb2d-4a6c-8a51-8422e8662bde?utm_source=Simplify","ABOUT BASETEN

Baseten powers mission-critical inference for the world's most dynamic AI companies, like Cursor, Notion, OpenEvidence, Abridge, Clay, Gamma and Writer. By uniting applied AI research, flexible infrastructure, and seamless developer tooling, we enable companies operating at the frontier of AI to bring cutting-edge models into production. We're growing quickly and recently raised our $1.5B Series F, led by Altimeter Capital, Conviction Partners, and Spark Capital. Join us and help build the platform engineers turn to to ship AI products.

THE ROLE

As a Product Engineer on the Dedicated Inference team, you'll shape the state-of-the-art developer experience for deploying and operating AI workloads in production. From the CLI and SDKs to APIs, observability, and debugging workflows, you'll build the tools customers rely on every day to manage mission-critical inference deployments.

Few teams at Baseten have as much breadth and visibility as Dedicated Inference. The team is often at the forefront of new product development, giving engineers the opportunity to shape the experience of some of our most important customers.

EXAMPLE INITIATIVES

You'll get to work on these types of projects as part of our Dedicated Inference team:

Chains for multi-component workflows

Asynchronous inference

Model APIs for frontier models

Model training built for production inference

RESPONSIBILITIES

Implement new features and products for the team

Design ergonomic APIs and abstractions to solve customer problems

Fix bugs and resolve customer issues with urgency

Work across the stack - regardless of where you start, you’ll end up touching both React Components and Kubernetes Pods

Work closely with the product and forward deployed engineering teams to develop and drive new product ideas

REQUIREMENTS

Bachelor's degree or higher in Computer Science or related field

Proficient coding abilities in one or more popular programming or scripting languages; Python, Go, or Javascript proficiency is a plus

Familiarity with web applications & databases

Good taste in product, particularly developer-oriented tools

Interest in ML/AI infrastructure and willingness to learn

Strong collaboration and communication skills

BENEFITS

Competitive compensation, including meaningful equity.

100% coverage of medical, dental, and vision insurance for employee and dependents

Flexible PTO policy including company wide Winter Break (our offices are closed from Christmas Eve to New Year's Day!)

Paid parental leave

Fertility and family-building stipend through Carrot

Company-facilitated 401(k)

Exposure to a variety of ML startups, offering unparalleled learning and networking opportunities.

Apply now to embark on a rewarding journey in shaping the future of AI! If you are a motivated individual with a passion for machine learning and a desire to be part of a collaborative and forward-thinking team, we would love to hear from you.

At Baseten, we are committed to fostering a diverse and inclusive workplace. We provide equal employment opportunities to all employees and applicants without regard to race, color, religion, gender, sexual orientation, gender identity or expression, national origin, age, genetic information, disability, or veteran status.

We are an Equal Opportunity Employer and will consider qualified applicants with criminal histories in a manner consistent with applicable law (by example, the requirements of the San Francisco Fair Chance Ordinance, where applicable).",""
"Octave","Quality Assurance Engineer","2026-07-26","已投遞","","https://careers.octave.com/job/Quality-Assurance-Engineer/2762-en_US?utm_source=linkedin","Responsibilities
Octave is seeking a Senior Quality Assurance Engineer to be embedded within an Agile delivery team supporting our global Public Safety software, including the HxGN OnCall application suite. These mission-critical, web-based solutions support call-taking, dispatch, situational awareness, records management, mobile operations, and analytics. Experience in the Public Safety domain is highly valued.
This role partners daily with Developers, Product Owners, and Scrum Masters to ensure quality is built in throughout the delivery lifecycle, not tested in at the end.

Serve as an embedded QA partner on an Agile / SAFe delivery team, owning quality outcomes for assigned features and components
Collaborate early with Product Owners and Developers to refine user stories, acceptance criteria, and test scenarios
Apply and promote shift-left quality practices, including TDD (Test-Driven Development) and BDD (Behavior-Driven Development) principles
Design, execute, and maintain manual and automated tests at the story, feature, and regression levels
Contribute to and expand automated test coverage; experience with Playwright is a strong plus
Perform functional, integration, regression, and exploratory testing throughout the sprint lifecycle
Identify, document, and triage defects with clear reproduction steps, severity, and impact
Participate actively in Agile ceremonies (backlog refinement, sprint planning, stand-ups, reviews, retrospectives
Analyze logs and system behavior to support defect investigation and root cause analysis
Collaborate with other QA engineers to improve standards, tooling, and best practices
Use Azure DevOps for test management, defect tracking, and traceability
Operate effectively in a Windows 11 environment using Microsoft Office tools (Word, Excel, PowerPoint, Outlook) for documentation, analysis, and reporting
Education / Qualifications
Bachelor’s degree in Computer Science or a related technical discipline, or equivalent professional experience
Required Qualifications

5+ years of experience as a QA Engineer or Software Test Engineer embedded on Agile teams
Strong understanding of Agile and SAFe frameworks and QA’s role in iterative delivery
Solid knowledge of QA methodologies, test design techniques, and defect lifecycle management
Familiarity with TDD and BDD concepts and working with acceptance criteria
Ability to write clear, concise, and maintainable test cases and documentation
Experience balancing manual testing with growing levels of automation
Strong analytical, problem-solving, and communication skills
Self-motivated, accountable, and comfortable in a fast-paced, collaborative environment
Willingness to learn new technologies and continuously improve skills
Preferred Qualifications

Experience with Public Safety, emergency response, or other mission-critical systems
Hands-on experience with Playwright or similar modern automation frameworks
Familiarity with browser developer tools and debugging techniques
Experience with Azure Cloud, Kubernetes, and PaaS / SaaS architectures
Working knowledge of SQL Server Management Studio and SQL scripting
Location

Preference for Huntsville / Madison, AL
Remote candidates may be considered based on qualifications

This role requires participation in an in-person interview process and completion of mandatory in-person training. These requirements are non-negotiable and are a condition of employment. 
#LI-PB1
LI-Remote
#SIG2026

About Octave
Octave provides mission-critical software that empowers organizations to make informed decisions across every stage of the asset lifecycle - Design, Build, Operate and Protect - where performance, safety, and reliability are non-negotiable and failure is not an option.

Turning complex operational data into actionable intelligence, Octave connects expertise, real-world conditions and enterprise-scale insight to improve performance, resilience and incident response where it matters most.

Octave has more than 7,000 employees in 45 countries. Learn more at octave.com and follow us on LinkedIn.

Why work for Octave?
All in. Always forward. That's the way we do things around here. We put trust in our people because we believe it's the best way to unleash potential, bring ideas to life, and keep moving ahead. And it's why we're committed to creating an environment that's truly supportive, providing you with the resources you need to support your ambitions, no matter who you are or where you are in the world.

Everyone is welcome
At Octave, we believe that diverse and inclusive teams are critical to the success of our people and our business. Here, everyone is welcome. As an inclusive workplace, we don't discriminate. In fact, we embrace differences and are fully committed to creating equal opportunities, an inclusive environment, and fairness for all. 

Respect is the cornerstone of how we operate, so speak up and be yourself. You're valued here.",""
"OpenAI","Software Engineer, Quality & Developer Tools","2026-07-26","已投遞","$293K – $325K","https://jobs.ashbyhq.com/openai/1ba666a4-0be2-4bd0-ad51-39ed7164c241?utm_source=Simplify&source=LinkedIn","About the Team
The Systems Integration team is responsible for building the infrastructure, tooling, and validation systems that ensure our device software is reliable, testable, and ready to ship. We design and maintain automated test frameworks, hardware-in-the-loop labs, and release pipelines that keep quality signals trustworthy and enable rapid, safe product launches. Our work spans developer tools, automation, systems integration, and cross-team collaboration to ensure every release meets the highest standards.

About the Role
As a Software Engineer, Quality and Developer Tools, you will build and own the systems that validate our device software—from test frameworks and regression infrastructure to hardware-in-the-loop labs and release gates. You’ll design the tooling and automation that keep quality signals trustworthy, integrate them into CI/CD, and make it easy for engineers and QA vendor technicians to execute reliable, repeatable workflows.

We’re looking for engineers with deep experience in software quality, automation, developer tooling, and hardware-software integration who thrive on building scalable, reliable systems for validation and release readiness.

This role is based in San Francisco, CA. We use a hybrid work model of four days in the office per week and offer relocation assistance to new employees.

In this role, you will:
Test infrastructure & frameworks: Design, implement, and maintain a unified test framework for device software across unit, integration, system, and end-to-end testing, with reproducible runs and integrations with GitHub, Linear, and Slack.

CI/CD integration & releases: Integrate test suites with Buildkite, enforce promotion criteria for staging and production, auto-file regressions, and publish traceable artifacts and release notes.

Hardware-in-the-loop lab design & orchestration: Plan and bring up racks, power and networking systems, and orchestration for device testing; support automated flashing, provisioning, and telemetry capture.

Automation and developer tooling: Develop tools for API and firmware validation, result triage, log capture, replayable bug reports, and workflows that improve engineering velocity and debugging efficiency.

Quality signals, metrics, and flake control: Build dashboards and alerts for pass rates, stability, and release readiness; detect and quarantine flaky tests; drive root-cause analysis with owners; and track delivery metrics that protect release health.

Vendor enablement: Create clear procedures and tooling that allow QA vendor technicians to execute repeatable processes, review their reports, and maintain a queue of rig maintenance and repairs.

Cross-team collaboration: Partner with embedded and systems software teams on testability, and with release infrastructure engineers on pipelines, signing, staged rollouts, and rollback/forward strategies.

You might thrive in this role if you:
Have deep experience building software quality, test automation, or developer tooling systems for hardware products shipped at scale.

Are proficient in Python, C, C++, or Rust, and have strong Linux fundamentals, including processes, networking, storage, and udev/systemd.

Have experience building CI/CD pipelines, artifact management systems, and reproducible or isolated test environments.

Have demonstrated success designing and operating hardware-in-the-loop labs and device orchestration systems at scale.

Are fluent with test reliability techniques such as failure triage, flake detection and quarantine, and signal-quality guardrails.

Have strong debugging skills across software, firmware, devices, and release infrastructure.

Work well across teams and enjoy improving the systems that make engineering and release processes more scalable and reliable.

About OpenAI

OpenAI is an AI research and deployment company dedicated to ensuring that general-purpose artificial intelligence benefits all of humanity. We push the boundaries of the capabilities of AI systems and seek to safely deploy them to the world through our products. AI is an extremely powerful tool that must be created with safety and human needs at its core, and to achieve our mission, we must encompass and value the many different perspectives, voices, and experiences that form the full spectrum of humanity. 

We are an equal opportunity employer, and we do not discriminate on the basis of race, religion, color, national origin, sex, sexual orientation, age, veteran status, disability, genetic information, or other applicable legally protected characteristic.

For additional information, please see OpenAI’s Affirmative Action and Equal Employment Opportunity Policy Statement.

Background checks for applicants will be administered in accordance with applicable law, and qualified applicants with arrest or conviction records will be considered for employment consistent with those laws, including the San Francisco Fair Chance Ordinance, the Los Angeles County Fair Chance Ordinance for Employers, and the California Fair Chance Act, for US-based candidates. For unincorporated Los Angeles County workers: we reasonably believe that criminal history may have a direct, adverse and negative relationship with the following job duties, potentially resulting in the withdrawal of a conditional offer of employment: protect computer hardware entrusted to you from theft, loss or damage; return all computer hardware in your possession (including the data contained therein) upon termination of employment or end of assignment; and maintain the confidentiality of proprietary, confidential, and non-public information. In addition, job duties require access to secure and protected information technology systems and related data security obligations.

To notify OpenAI that you believe this job posting is non-compliant, please submit a report through this form. No response will be provided to inquiries unrelated to job posting compliance.

We are committed to providing reasonable accommodations to applicants with disabilities, and requests can be made via this link.

OpenAI Global Applicant Privacy Policy

At OpenAI, we believe artificial intelligence has the potential to help people solve immense global challenges, and we want the upside of AI to be widely shared. Join us in shaping the future of technology.",""
"K2 Space Corporation","Avionics Test Engineer","2026-07-26","已投遞","$100,000 - $150,000","https://job-boards.greenhouse.io/k2spacecorporation/jobs/5020161008?gh_src=Simplify&utm_source=Simplify","K2 is building the largest and highest-power satellites ever flown, unlocking performance levels previously out of reach across every orbit. Backed by $450M from leading investors including Altimeter Capital, Redpoint Ventures, T. Rowe Price, Lightspeed Venture Partners, Alpine Space Ventures, and others – with an additional $500M in signed contracts across commercial and US government customers – we’re mass-producing the highest-power satellite platforms ever built for missions from LEO to deep space. 

The rise of heavy-lift launch vehicles is shifting the industry from an era of mass constraint to one of mass abundance, and we believe this new era demands a fundamentally different class of spacecraft. Engineered to survive the harshest radiation environments and to fully capitalize on today’s and tomorrow’s massive rockets, K2 satellites deliver unmatched capability at constellation scale and across multiple orbits. 

With multiple launches planned through 2026 and 2027, we're Building Bigger to develop the solar system and become a Kardashev Type II (K2) civilization. If you are a motivated individual who thrives in a fast-paced environment and you're excited about contributing to the success of a groundbreaking Series C space startup, we’d love for you to apply. 

The Role

You will own the success of Avionics testing involving the computing, data acquisition, RF, and power subsystems that are key to our satellite operation. In your first 6 months, you will be pivotal in developing production quality test hardware and software to deliver flight avionics through ATP and QTP for the first Mega satellite constellation. You will be working alongside the Electrical and RF Engineering teams to interface with Avionics hardware, validate prototype designs, define test requirements, and design test infrastructure to meet critical programmatic milestones such as delivery of flight hardware to vehicle integration. In your first year, you will lead multidisciplinary test campaigns, root cause investigations, and production improvements to ensure reliability and scalability.

Responsibilities

Design and fabricate test hardware, harnessing, and test systems to support electrical and RF development testing
Develop modular, reusable test automation software and drivers in Linux, Python, C++, Rust, etc.
Execute development and production tests to meet internal and external customer needs
Lead satellite subsystem test campaigns from kickoff, through test report, and beyond
Develop data acquisition, control, and instrumentation systems to test at the integrated level
Own the project management of multiple test assets and acceptance testing of flight avionics including upgrades to support hardware lifecycle
Design device simulators deployed across component subsystem and HITL testbeds
Collaborate with a cross-functional team to establish product requirements, testing methods, and project test schedules
Qualifications

Bachelor’s degree in electrical, computer, or other relevant engineering discipline or any equivalent combination of education and experience
2+ years of experience with test hardware design and software management
Strong programming abilities (Python, C++, Rust)
Experience with RF test equipment such as vector network analyzers (VNA), spectrum analyzer, etc.
Nice to Have

Experience with data acquisition, controls, and dedicated test equipment
Familiarity with SMC-S-016 or MIL-STD-810 testing methods, including vibration, shock, and thermal testing
Experience with software-defined radio hardware development, including high-speed RF data converters (digital to analog and analog to digital converters), clock trees, and data converter interfaces
Experience with calibration of RF equipment, dataflow testing, and radiated end-to-end validation
Experience with the practical application of serial and ethernet communications
Understanding of the failure modes of electrical systems in space environments
Demonstrated ability to own electrical hardware test systems within an integrated engineering team
Creative problem solver that can balance schedule, resource, and technical constraints
Compensation and Benefits:

Base salary range for this role is $100,000 - $150,000 + equity in the company
Salary will be based on several factors including, but not limited to knowledge and skills, education, and experience level
Comprehensive benefits package including paid time off, medical/dental/vision coverage, life insurance, paid parental leave, and many other perks
If you don’t meet 100% of the preferred skills and experience, we encourage you to still apply! Building a spacecraft unlike any other requires a team unlike any other and non-traditional career twists and turns are encouraged!

If you need a reasonable accommodation as part of your application for employment or interviews with us, please let us know.

Export Compliance

As defined in the ITAR, “U.S. Persons” include U.S. citizens, lawful permanent residents (i.e., Green Card holders), and certain protected individuals (e.g., refugees/asylees, American Samoans). Please consult with a knowledgeable advisor if you are unsure whether you are a “U.S. Person.”

The person hired for this role will have access to information and items controlled by U.S. export control regulations, including the export control regulations outlined in the International Traffic in Arms Regulation (ITAR). The person hired for this role must therefore either be a “U.S. person” as defined by 22 C.F.R. § 120.15 or otherwise eligible for a federally issued export control license.

Equal Opportunity

K2 Space is an Equal Opportunity Employer; employment with K2 Space is governed on the basis of merit, competence and qualifications and will not be influenced in any manner by race, color, religion, gender, national origin/ethnicity, veteran status, disability status, age, sexual orientation, gender identity, marital status, mental or physical disability or any other legally protected status.",""
"Kickmaker","Robotic Engineer","2026-07-26","已投遞","$140 000 to $170 000","","About the job
Kickmaker is a high-tech product design and industrialization agency.
 
We support our customers from prototype to production run in our main vertical markets (medical, new mobility, electrification, agrotech, robotics, IOT and consumer devices) and our cross-disciplinary skills (embedded AI, high-tech manufacturing automation, eco-design, industrial design and WEB 3.0 for the economy of functionality).
 
We're evolving with a real maker culture! Passion, excitement and kindness are the pillars of KICKMAKER. This team and community spirit has enabled us to shape a unique corporate culture. Our approach: to enable everyone to fulfill their potential by working on exciting projects, and to encourage autonomy and initiative.
 
Present in France, China and the United States, our community counts over 250 passionate kickers and keeps growing. It is in this context that we are looking to strengthen our team in Boston, Seattle and San Fransisco.
 
 




We’re growing our US robotic engineering team :


The role involves designing, developping, and implementing robotic systems and algorithms, contributing to the full lifecycle of our products&mdash;from concept to deployment..
 
What you’ll do



Design, build, and test robotic systems and components

Develop and optimize control algorithms, perception systems, and navigation strategies

Integrate hardware and software components for autonomous or semi-autonomous systems

Collaborate with cross-functional teams including mechanical, electrical, and software engineers

Conduct simulations and real-world testing to validate system performance

Troubleshoot and resolve technical issues in development and production environments

Stay current with emerging technologies and industry trends in robotics and AI



 
What you bring



Bachelor’s or Master’s degree in Robotics, Mechanical Engineering, Electronic Engineering, Computer Science, or a related field

5+ years of experience in robotics or automation (industry is preferred)

Strong programming skills in Python and/or C++

Experience with ROS/ROS2

Knowledge of control systems, computer vision, and sensor integration

Familiarity with simulation tools such as MATLAB

Strong problem-solving skills and attention to detail



 



Location: Austin, TX

Base Salary: $140 000 to $170 000/ year

Experience Required: 5 years in a relevant field









Your adventure at Kickmaker 
 
At Kickmaker you’ll work on 5-10 projects annually, choosing from a wide range of industries : from robotics, medical devices, fitness tech, and automotive, to micro-mobility, beauty tech, sports exoskeletons, and AI-driven hardware. 


Your path evolves with your curiosity: we help you grow where your professional ambitions and personal passions meet, always connected to the latest tech breakthroughs. 


 
We offer a benefits package designed to support you and your family while keeping costs low. This includes health and dental coverage, paid time off and 5 sick days for rest and renewal. You can also join our 401(k) plan to invest in your future. 


 
Our Culture & Spirit 
Kickmaker is built by innovators, for innovators. Across our 7 offices we give you the tools to make your ideas happen. 


 
 
Our vision is simple: build a space where innovators can explore, experiment, and push boundaries together. 


If you’re curious about our spirit and way of working (and you’ve got a minute) check out this short video where Leonardo da Vinci “visits” Kickmaker.An image is worth a thousand words, and this one will give you the full vibe 


 
If you’ve ever looked at a product and thought, “I could build this better,” let’s talk!



We may use artificial intelligence (AI) tools to support parts of the hiring process, such as reviewing applications, analyzing resumes, or assessing responses and identifying potential inconsistencies or verification signals in application materials based on available information. These tools assist our recruitment team but do not replace human judgment. Final hiring decisions are ultimately made by humans. If you would like more information about how your data is processed, please contact us.",""
"Lyft","Firmware Test Engineer","2026-07-26","已投遞","$128,000 - $160,000","https://app.careerpuck.com/job-board/lyft/job/8559583002?gh_jid=8559583002","At Lyft, our purpose is to serve and connect. We aim to achieve this by cultivating a work environment where all team members belong and have the opportunity to thrive.

The Lyft Urban Solutions (LUS) Firmware Test Engineer role is key in the development and delivery of Lyft’s micromobility hardware offerings, including electric bikes, scooters, batteries, stations, and more! We are looking for a Firmware Test Engineer who brings exceptional technical skills to contribute in NPI (New Product Introduction) and fleet sustainability programs that unlock value for the cities across the globe that use our products. Firmware Test Engineers at Lyft collaborate closely with firmware, hardware, operations, and product teams, necessitating strong technical expertise, leadership, and communication skills. They are proactive problem solvers who drive initiatives forward, ensuring the successful delivery of key results that significantly impact the business.

Responsibilities:
Design and execute comprehensive manual and automated test plans to validate the functionality, performance, and reliability of bike share system firmware.
Collaborate closely with firmware engineers to thoroughly understand firmware design and implementation, facilitating comprehensive testing. Work with product, hardware, and operations teams to ensure firmware meets all system-level requirements.
Manage firmware deployments to bikes and docks, including planning, scheduling, and execution.
Experience
Bachelor's degree in Electrical Engineering, Computer Engineering, or a related field.
3+ years of experience in firmware testing, preferably in the embedded systems domain.
Strong understanding of testing methodologies and best practices.
Experience with testing embedded systems, including hardware and software interactions.
Proficiency in scripting languages (e.g., Python, Bash) for test automation.
Experience with communication protocols (e.g., CAN, UART, I2C, SPI).
Excellent analytical and problem-solving skills.
Strong communication and interpersonal skills.
Preferred: 
Experience with HIL testing and test automation frameworks.
Familiarity with bike share systems or similar IoT devices.
Knowledge of version control systems (e.g., Git).
Experience with continuous integration and continuous delivery (CI/CD) pipelines.
Experience with over-the-air (OTA) firmware updates.
Knowledge of firmware deployment tools and best practices.
Benefits:
Great medical, dental, and vision insurance options with additional programs available when enrolled
Mental health benefits
Family building benefits
Child care and pet benefits
401(k) plan with company match to help save for your future
In addition to 12 observed holidays, salaried team members have discretionary paid time off, hourly team members have 15 days paid time off
18 weeks of paid parental leave. Biological, adoptive, and foster parents are all eligible
Subsidized commuter benefits
Monthly Lyft credits and complimentary Lyft Pink membership
Lyft is an equal opportunity employer committed to an inclusive workplace that fosters belonging. All qualified applicants will receive consideration for employment without regards to race, color, religion, sex, sexual orientation, gender identity, national origin, disability status, protected veteran status, age, genetic information, or any other basis prohibited by law. We also consider qualified applicants with criminal histories consistent with applicable federal, state and local law.

Lyft highly values having employees working in-office to foster a collaborative work environment and company culture. This role will be in-office on a hybrid schedule — Team Members will be expected to work in the office 3 days per week on Mondays, Wednesdays, and Thursdays. Lyft considers working in the office at least 3 days per week to be an essential function of this hybrid role. Your recruiter can share more information about the various in-office perks Lyft offers. Additionally, hybrid roles have the flexibility to work from anywhere for up to 4 weeks per year. #Hybrid

The expected base pay range for this position in the San Francisco area is $128,000 - $160,000, not inclusive of potential equity offering, bonus or benefits. Salary ranges are dependent on a variety of factors, including qualifications, experience and geographic location. Your recruiter can share more information about the salary range specific to your working location and other factors during the hiring process.",""
"GE Vernova","Field Quality Manager II","2026-07-24","已投遞","","https://www.fieldcore.com/careers/jobs/?p=job/osEZzfwo&__jvst=Job+Board&__jvsd=LinkedIn&nl=1","Description

*Open to applicants from Canada

About GE Vernova
GE Vernova is a planned, purpose-built global energy company that includes Power, Wind, and Electrification businesses and is supported by its accelerator businesses of Advanced Research, Consulting Services, and Financial Services. Building on over 130 years of experience tackling the world’s challenges, GE Vernova is uniquely positioned to help lead the energy transition by continuing to electrify the world while simultaneously working to decarbonize it. GE Vernova helps customers power economies and deliver electricity that is vital to health, safety, security, and improved quality of life. GE Vernova is headquartered in Cambridge, Massachusetts, U.S., with more than 80,000 employees across 100+ countries around the world.

GE Vernova’s Gas Power business engineers advanced, efficient natural gas-powered technologies and services, along with decarbonization solutions that aim to help electrify a lower carbon future. As part of the Gas Power One Field Services team, FieldCore installs, maintains and upgrades power generation equipment, enabling operators of the world’s energy infrastructure to provide more reliable and affordable energy.

Job Summary

The Field Quality Manager II will partner with the Regional, Operations, Service Line, and Functional teams to drive quality improvements in the preparation and delivery of our services. This position will be responsible for driving customer experience and operational improvements through Quality Planning, Assurance, Control and Improvement. Drive a Culture of Quality where quality is built-in to the planning process, enabling teams to do their work right the first time, where processes are followed in execution, where shortcomings and defects are captured as non-conformances, where problems are fed back into the organization for accountability and resolution, and where ideas and lessons learned are captured for future improvement. Help front-line and back office teams resolve problems (NCR, RCA). Experienced culture change agent with a track record of delivery. You may be assigned other duties to help proactively drive our FieldCore vision and align with our organization’s core values.

Essential Duties & Responsibilities:

Provide strong Quality leadership in support of business goals and objectives
Lead Quality for all customer work, FieldCore staff, and fixed facilities including Tooling centers, leadership for any Quality Coaches/QA/QC teams
With the Region leadership team, build a Quality Culture throughout the organization – one where defects are not accepted, created, or passed-on.
Lead the deployment of campaigns such as “STOP Work” and Leadership Observation process
Drive the full implementation of the Quality Management System, develop Audit plan, perform Audits, and drive compliance improvement and simplification of the QMS
Lead the measurement, analysis, and regular operating rhythm around Quality metrics including Customer Experience and Cost of Poor Quality
Apply Quality Planning, Assurance, Control, and Lean Six Sigma methodologies to improve process capability and thereby improve all Quality metrics:
Implement Quality standards and controls for field work, including but not limited to proper execution of FME (Foreign Material Exclusion), QCP (Quality Control Plan), FP (Field Procedure) Quality Work Instructions, and OFE (Human Error Prevention)
Perform Quality Planning through proper readiness tollgate reviews including application of risk identification and mitigation through PFMEA methodology
Participate in critical outages to ensure compliance with all Quality standards by performing physical verification and coaching the onsite team
Measure performance of onsite teams against Quality standards, analyze trends and opportunities, and report results to management
Perform Site Quality Audits, conduct analysis and recommended actions
Manage the NCR process including driving increased capture and faster resolution
Lead and support Root Cause Analysis including overseeing the implementation and effectiveness of corrective and preventive actions
Work with operating leaders and teams to create a roadmap of continuous improvement projects and track the implementation and impact on customer facing metrics:
Lead and facilitate cross-functional project teams to drive standardization and simplification
Explore, evaluate, and codify best practices while ensuring new methods are formalized in the Quality Management System
Proactively identify innovative and high impact methods by engaging field teams for ideas, evaluating the ideas for feasibility, and working with FieldCore teams to test them for effectiveness and potential future standardization
Ability and willingness to work holidays, weekends and overtime as required by field assignments – Field
English proficiency required
If position is a people manager include, Manage and develop employees
Required Qualifications & Experience:
8+ years progressive experience and demonstrated success/knowledge
Strong customer orientation and willingness to promote customer interests
Strong proven leadership capabilities in Field Service and/or Quality
Native or fluent language skills for area of responsibility
Change agent with strong credibility and influencing skills and the proven ability to build relationships and influence stakeholders to become supporters
Experience of managing complex projects with multiple stakeholders through to successful completion within time constraints
Proven ability to work efficiently without direct supervision. Self-motivated with demonstrated ability to motivate others to achieve results in complex situations
Experience implementing and influencing quality metrics
A procedure mindset and ability to implement procedures and monitor compliance
Strong analytical and quantitative skills with excellent critical thinking ability, interpersonal/leadership skills and project planning skills
Significant travel in Region required
 
Desired Characteristics: 
Advanced level of knowledge of one or more: Gas turbine, Steam turbine, Generator, Boiler, Nuclear, or Wind Turbine service
M/BB certification, and/or Lean Sensei or TOC credentials
Additional languages
Strong networks within Fieldcore and GE Power, especially Services, Parts, Repairs, Global Supply Chain & Engineering would be a distinct advantage
Compensation and Benefits:
The annual salary range for this position is $88,800 to $146,400.  This is an exempt from overtime position.  FieldCore benefits include insurance (medical, dental, vision, disability, and life), retirement savings, health and Wellness reimbursement, and a bonus or incentive program.  Eligibility for FieldCore benefits is determined under the terms of the applicable benefits plan.",""
"HyperStrong","Senior Quality Engineer","2026-07-24","已投遞","","https://www.linkedin.com/jobs/view/4442223102/","About the job
Position Overview

HyperStrong International USA Corp is seeking a Senior Quality Engineer to serve as the primary quality presence for BESS project delivery across the US Region. Reporting to the Director of Service, Americas, this is a hands-on individual contributor role responsible for implementing and maintaining quality programs, conducting field inspections, and driving resolution of quality issues at the project level. This role is well-suited for a technically strong, highly organized professional with a background in the electrical trades and a passion for getting it right in the field. As the quality function grows, there is a clear path for increased responsibility.

Key Responsibilities:

Implement and maintain quality programs, inspection procedures, and checklists for BESS project delivery across the US Region in alignment with direction from leadership.
Evaluate and recommend quality management tools and systems to support inspection tracking, NCR management, and reporting as the quality function matures.
Conduct field inspections during equipment delivery and pre-commissioning to verify workmanship quality, identify deficiencies, and ensure compliance with HyperStrong standards and project specifications; presence post-delivery is on an as-needed basis when issues warrant direct involvement.
Hold EPC contractors and subcontractors accountable to HyperStrong quality standards during Delivery, Installation, Commissioning, and Operations; document and escalate non-conformances promptly.
Identify quality issues in the field and drive timely resolution; raise non-conformance reports (NCRs), manage punch lists, track corrective actions, and follow through to closure with thorough photo and written documentation.
Lead Root Cause Analysis (RCA) and Corrective and Preventive Action (CAPA) processes for quality issues; apply structured methodologies such as 8D reporting to investigate failures, identify systemic patterns, and prevent recurrence.
Maintain accurate and organized quality records, including inspection reports, NCRs, CAPA logs, failure mode tracking, and lessons-learned documentation across all active projects.
Collaborate with Commissioning and Field Service teams to ensure consistent application of quality standards across all active projects; receive and process field quality reports from the Service team post-delivery, documenting issues, tracking corrective actions, and driving resolution with the appropriate internal and external stakeholders.
Escalate quality findings and trends to leadership; provide regular reporting on inspection outcomes, open corrective actions, failure mode trends, and quality metrics.
Meet regularly with HQ Manufacturing to collaboratively solve design and quality issues identified in the field.
Ensure all quality activities are conducted in full compliance with safety regulations, HyperStrong standards, and applicable codes.
Requirements:

Bachelor’s degree in Electrical Engineering, Construction Management, or a related field; equivalent practical experience will be considered.
5+ years of experience in quality engineering, quality assurance, or a related field within the energy storage, power systems, or construction industry.
Demonstrated experience implementing quality programs and writing inspection procedures, checklists, and standards in a field environment.
Background in the electrical trades is required; must have the technical foundation to understand BESS equipment, evaluate installation quality, and identify poor workmanship in the field.
Hands-on field inspection experience, including delivery inspections, installation quality verification, and pre-commissioning checks.
Proven experience leading Root Cause Analysis (RCA) and CAPA processes; familiarity with structured problem-solving methodologies such as 8D reporting is strongly preferred.
Experience managing NCRs, punch lists, and corrective action tracking across multiple concurrent projects.
Strong organizational skills with the ability to manage multiple projects simultaneously, track open issues, and drive corrective actions to resolution independently.
Ability to read and interpret electrical schematics, single-line diagrams, and installation drawings.
Experience working with international manufacturing teams to resolve quality and design issues; comfort navigating cross-cultural and cross-time-zone communication.
Clear and concise written communication skills; ability to produce professional inspection reports, 8D reports, and quality documentation.
Mandarin proficiency is strongly preferred; the ability to communicate directly with HyperStrong HQ in China is a significant advantage for resolving quality issues efficiently.
Work Location

Based in the United States, work remotely from home.

Travel & Work Conditions:

30-40% travel to project sites across the US for field inspections, delivery verifications, and quality audits
Full-time, with flexibility to respond to field quality issues as project schedules require
HyperStrong is an equal opportunity employer. Due to the high volume of interest in this position, we will only contact candidates who best meet the requirements. Thank you for your interest in joining HyperStrong.",""
"Redwood Materials","Field Quality Engineer, Energy Storage","2026-07-24","已投遞","$150,000 - $207,500","https://job-boards.greenhouse.io/redwoodmaterials/jobs/5835346004?gh_src=Simplify&utm_source=Simplify","About Redwood Materials

Redwood is localizing a global battery supply chain that seamlessly integrates recovery, reuse, and recycling — keeping critical minerals in circulation and driving the energy transition. Founded in 2017, we’re delivering low-cost and large-scale energy storage and producing battery materials in the U.S. for the first time, all from batteries we already have.

Field Quality Engineer, Energy Storage

Redwood Materials is currently searching for a Field Quality Engineer to join as an early member of a new engineering team working on our Battery Energy Storage System product line. You will be responsible for ensuring the quality, reliability, and safety of deployed Battery Energy Storage System (BESS) assets by identifying, investigating, and preventing field issues. This role works closely with Operations & Maintenance (O&M) teams that perform routine monitoring and maintenance, and with Service Engineering, which owns advanced technical escalation. 

The Field Quality Engineer serves as the frontline quality owner in the field, focusing on identifying systemic quality issues, conducting structured investigations, and driving corrective and preventive actions. This role plays a critical part in reducing repeat failures, improving fleet reliability, and feeding real world learnings back into engineering, suppliers, and operational processes. You’re a doer, excited about getting your hands dirty and working in a dynamic, fast-paced setting, and want to shape a new department at Redwood.

Responsibilities will include:

Serve as the primary point of contact for field identified quality issues across operating BESS assets
Lead structured investigations into recurring failures, abnormal trends, or field incidents in collaboration with O&M and Service Engineering
Perform root cause analyses using established methodologies (e.g., 5 Whys, Fishbone, fault tree analysis)
Develop and document clear problem statements supported by data, field evidence, and technical observations
Define, track, and verify corrective and preventive actions to address field quality issues
Verify effectiveness of corrective actions through follow-up inspections, audits, and data analysis
Support development and tracking of quality KPIs such as repeat failure rates, defect trends, and corrective action closure
Drive continuous improvement initiatives to reduce operational burden on O&M and improve system reliability 
Desired Qualifications:  

Bachelor’s degree in Electrical Engineering, Mechanical Engineering, or a related technical field
5+ years of experience in field quality, reliability engineering, service engineering, or commissioning support for complex electromechanical or energy systems
Demonstrated experience supporting field-deployed assets such as Battery Energy Storage Systems (BESS), power electronics, renewable energy systems, or industrial electrical equipment
Experience working directly with field operations, O&M technicians, and service engineering teams in a production or operational environment
Working knowledge of root cause analysis methodologies (e.g., 5 Whys, Fishbone, fault trees) and corrective/preventive action (CAPA) processes
Familiarity with field inspection procedures, commissioning documentation, and service records
A passion for sustainability and making the world a better place!  
Physical Requirements:  

Ability to perform essential physical tasks such as climbing ladders, standing, stooping, bending, kneeling, and walking for extended periods in industrial environments
Working Conditions:  

Valid driver’s license and ability to travel to field locations; frequent travel required up to 40%
Ability to work in conditions that may include exposure to noise, dust, chemicals, and temperature extremes, while wearing appropriate PPE for extended periods of time
Availability to work weekends, nights, or on- call as needed
  

In accordance with California pay transparency laws, the salary range for this position is listed below. Actual compensation may vary based on a variety of factors, including experience, education, and skills. 

California Pay Range:

$150,000 - $207,500 USD

The position is full-time. Compensation will be commensurate with experience.

 

We collect personal information (PI) from you in connection with your application for employment with Redwood Materials, including the following categories of PI: identifiers, personal records, professional or employment information, and inferences drawn from your PI. We collect your PI for our purposes, including performing services and operations related to your potential employment. If you have additional privacy-related questions, please contact us at privacy@redwoodmaterials.com.",""
"Remedy Robotics","Quality Engineer","2026-07-24","已投遞","$160K – $220K","https://jobs.ashbyhq.com/remedyrobotics/8f63acfd-99c2-430e-b018-94c0ad69e253?embed=true&utm_source=Simplify","Remedy Robotics is a medical technology company developing robotic systems for endovascular intervention. Its proprietary technology combines robotics, machine learning, and advanced computer vision to help physicians perform highly precise endovascular procedures and expand access to life-saving stroke and cardiovascular care. Initially focused on neurovascular intervention, Remedy is addressing the limited availability of specialized treatment for time-critical cardiovascular emergencies, with the long-term goal of enabling expert intervention regardless of patient location. Headquartered in San Francisco, Remedy is backed by DCVC, Blackbird, and Tony Fadell's Build Collective, among others.

We are looking to hire a Quality Engineer for our Hardware Team.

What You’ll Do:

Own the quality narrative for Remedy’s surgical robot across design freeze, V&V, and IDE submission

Operate as a hands-on individual contributor, authoring core quality and regulatory documentation

Define and execute verification and validation (V&V) strategies, including plans, protocols, and test requirements across subsystem leads (software, ML, mechanical, electrical, and disposables)

Own IEC 62304 software lifecycle documentation across the full software stack, including safety classification, architecture documentation, and unit, integration, and system-level test evidence

Lead ISO 14971 risk management activities, including hazard analysis, risk control definition and implementation, and residual risk evaluation

Establish and maintain end-to-end requirements traceability from user needs through design inputs, outputs, and verification activities

Author the quality and design control sections of the IDE submission package

Build and maintain the Design History File (DHF) as a continuously updated, audit-ready system of record

Collaborate closely with software, mechanical, electrical, and ML engineering leads to ensure development work is translated into compliant, audit-ready records

Drive design control rigor across the organization while ensuring documentation is appropriately scaled to product risk and regulatory context

Minimum Qualifications:

7+ years of hands-on quality experience within a Class II or Class III medical device environment

Direct experience supporting the preparation and submission of IDE, 510(k), and/or PMA documentation

Strong working knowledge of ISO 14971, IEC 62304, and ISO 13485 standards

Proven ability to author technical documentation that withstands regulatory (FDA) review and scrutiny

Experience collaborating closely with engineering teams, with the ability to translate engineering work into compliant quality and regulatory records

Sound, risk-based judgment in applying appropriate levels of rigor to varying product and patient safety risks

Bachelor’s or Master’s degree in Engineering, Life Sciences, or a related field

Preferred Qualifications:

Experience with software-intensive medical devices, particularly safety-critical software systems

Familiarity with IEC 62366 usability engineering and IEC 60601 electrical safety standards

Exposure to biocompatibility and sterilization validation standards, including ISO 10993, ISO 11135, and ISO 11137

Experience with medical device cybersecurity documentation in accordance with FDA guidance and IEC 81001-5-1

Prior startup experience, including building quality systems from the ground up or scaling them through key clinical development milestones",""
"Remedy Robotics","Software Engineer","2026-07-24","已投遞","$200K – $300K","https://jobs.ashbyhq.com/remedyrobotics/288791e9-1900-4133-9860-721b944c6ee9?embed=true&utm_source=Simplify","Remedy Robotics is a medical technology company developing robotic systems for endovascular intervention. Its proprietary technology combines robotics, machine learning, and advanced computer vision to help physicians perform highly precise endovascular procedures and expand access to life-saving stroke and cardiovascular care. Initially focused on neurovascular intervention, Remedy is addressing the limited availability of specialized treatment for time-critical cardiovascular emergencies, with the long-term goal of enabling expert intervention regardless of patient location. Headquartered in San Francisco, Remedy is backed by DCVC, Blackbird, and Tony Fadell's Build Collective, among others.

We are looking to hire a Software Engineer.

What You’ll Do:

Develop and improve core robot control software in C++

Own system-level orchestration in Python, integrating subsystems across the platform

Build and enhance simulation and testing infrastructure to support system validation

Work across the full stack as needed to address the highest-priority technical bottlenecks

Collaborate closely with ML, hardware, and clinical teams to deliver end-to-end product functionality

Help define, refine, and harden the software architecture in preparation for IDE submission and clinical use

Knowledge, Skills, Abilities:

Strong proficiency in C++ and Python

Advanced proficiency with AI coding tools (e.g., Claude Code, Cursor, or similar), incorporating them as a core part of the development workflow and demonstrating strong judgment in effective usage

Strong systems engineering intuition, including experience with concurrency, real-time constraints, inter-process communication, and associated tradeoffs

Pragmatic engineering judgment, with the ability to balance shipping velocity, performance optimization, and refactoring decisions

Excellent communication skills, with a track record of producing clear code, design documentation, and technical communication

Comfort operating in a small, fast-moving team with fluid boundaries across disciplines

Minimum Qualifications:

5+ years of experience building non-trivial production software in system-level domains such as robotics, embedded systems, medical devices, scientific instrumentation, or autonomous systems

Bachelor’s or Master’s in Computer Science, Robotics, or a related technical field

Preferred Qualifications:

Experience with robotics middleware (e.g., ROS2, custom IPC systems, gRPC/protobuf)

Experience with real-time Linux systems

Exposure to motion control systems or control theory fundamentals

Proficiency in TypeScript and frontend development, with ability to contribute effectively when needed

Experience with Linux drivers or kernel-adjacent development

Experience in medical devices or other regulated software environments, including familiarity with standards such as IEC 62304 and safety-critical software practices

Experience building or working with simulation infrastructure (e.g., MuJoCo, Gazebo, or custom simulators)

Apply for this Job",""
"Foundry Robotics","Senior Quality Engineer","2026-07-24","已投遞","$150,000 to $250,000","https://jobs.ashbyhq.com/foundry-robotics/0d75fac7-4d46-4135-8865-7d44a9ef4364?embed=true&utm_source=Simplify","About Us

Foundry Robotics is building an AI-native robotics manufacturing company focused on deploying advanced assembly and production capability for leading robotics companies and national-security-critical hardware. Basically, we're building robots that build robots.

We are reimagining manufacturing through advanced robotics. Our mission is to rebuild the American manufacturing industry as an AI-first, assembly-focused, dual-use contract manufacturer. We aim to empower manufacturers with intelligent, efficient, and adaptable robotic systems that redefine productivity and quality. As a founding member of our engineering team, you will have a direct and significant impact on our product, culture, and ultimate success. This role is 100% in-person at our office in the mission, SF.

The Role

This role is for a Senior Quality Engineer who can build a quality function from first principles and run it credibly in front of demanding customers. You will architect our AS9100D-compliant Quality Management System (QMS) from scratch, lead the company through third-party certification, and own the system as our scope expands across new customers and programs. You will be the in-house technical authority on quality.

Key Responsibilities

Architect, document, and own Foundry Robotics' AS9100D / ISO 9001:2015 QMS, and lead the company through third-party certification

Run the internal audit program, management review, and supplier quality, ensuring compliance with customer and regulatory requirements

Own inspection plans, control plans, first article inspection, and quality records across assembly, test, and calibration operations

Own nonconformance and corrective action end to end. Lead containment, drive root cause analysis, and prevent recurrence

Serve as the quality point of contact for customer audits and source inspections, and report quality performance to leadership and customers

Mentor inspectors, technicians, and junior quality staff as the team grows

What We're Looking For

7+ years of quality engineering experience in a regulated manufacturing environment

Bachelor's degree in engineering, or equivalent demonstrated experience

Working expertise in AS9100D and/or ISO 9001:2015 is a prerequisite. You have built or operated inside the standard and can write procedures that pass external audit

Demonstrated experience leading or materially contributing to a QMS implementation or third-party certification effort

Fluency in structured problem solving, FMEA, control plans, and process capability analysis

Strong GD&T fluency and the ability to read, interpret, and challenge engineering drawings

Equally effective in a procedure review and on the shop floor

Bias toward action, scrappy problem solving, and moving fast without sacrificing rigor

Nice to Have (Not Required)

ASQ certification, Six Sigma Green or Black Belt, or ISO 9001 / AS9100 lead auditor certification

Experience with APQP / PPAP and IPC workmanship standards

Experience in robotics, aerospace, defense, or other hardware-rich regulated industry

Experience supporting multiple concurrent programs in a contract manufacturing environment

Experience in an early-stage company where quality systems were built rather than inherited

Why Join Us?

This is one of the only places where world-class manufacturing operators, mechanical engineers, robotics researchers, and software engineers sit in the same room, building production systems together.

We are committed to being deeply embedded in the U.S. industrial base. Our focus is simple: build adaptive robotic assembly systems that make American manufacturing scalable, resilient, and competitive again.

The base salary range for this full-time position in the location of San Francisco is:

$150,000 to $250,000 USD

Compensation packages at Foundry Robotics for eligible roles include base salary, equity, and benefits. The range displayed on each job posting reflects the minimum and maximum target for new hire salaries for the position, determined by work location and additional factors, including job-related skills, experience, interview performance, and relevant education or training. Foundry Robotics employees in eligible roles are also granted equity based compensation, subject to Board of Director approval. You'll also receive benefits including, but not limited to: Comprehensive health, dental and vision coverage, and generous PTO.",""
"Applied Intuition","QA Engineer","2026-07-24","已投遞","$100,000 - $170,000","https://jobs.ashbyhq.com/applied/ae58ac94-24a6-46c2-9f97-05b7bd5876b5?embed=true&employmentType=FullTime&locationId=612352bd-235f-489d-909b-c3467f18d729&utm_source=Simplify","About Applied Intuition
Applied Intuition, Inc. is powering the future of physical AI. Founded in 2017 and now valued at $15 billion, the Silicon Valley company is creating the digital infrastructure needed to bring intelligence to every moving machine on the planet. Applied Intuition services the automotive, defense, trucking, construction, mining and agriculture industries in three core areas: tools and infrastructure, operating systems, and autonomy. Eighteen of the top 20 global automakers, as well as the United States military and its allies, trust the company’s solutions to deliver physical intelligence. Applied Intuition is headquartered in Sunnyvale, California, with offices in Washington, D.C.; San Diego; Ft. Walton Beach, Florida; Ann Arbor, Michigan; London; Stuttgart; Munich; Stockholm; Bangalore; Seoul; and Tokyo. Learn more at applied.co.

We are an in-office company, and our expectation is that employees primarily work from their Applied Intuition office 5 days a week. However, we also recognize the importance of flexibility and trust our employees to manage their schedules responsibly. This may include occasional remote work, starting the day with morning meetings from home before heading to the office, or leaving earlier when needed to accommodate family commitments.

About the role
(We are hiring for all levels of experience.)

We are looking for bright QA engineers interested in ensuring the success of cutting-edge solutions to difficult problems in the autonomy space. Our QA engineers work across our suite of products, tackling difficult full-stack problems as the last line of defense. At Applied, we encourage all engineers to take ownership over technical and product decisions, closely interact with users to collect feedback, and contribute to a thoughtful, dynamic team culture. You will be joining a small, dynamic team. We are looking for generalists and problem solvers, not people who expect the same work day to day.


At Applied Intuition, you will:

Create test scripts to automate the testing process and streamline overall design and performance verification testing

Collaborate closely with engineers, product managers, and engineering managers to build detailed test programs for our products that push the frontier of AV software development

Conduct and analyze test results and be responsible for critical performance of feature releases and updates

Triage autonomy results, identify issues across autonomy software and vehicle hardware, and drive fixes across the team

Own the sign-off of test results, analysis, and reports for ongoing improvements of testing requirements

We're looking for someone who has:

B.S. in Computer Science, Software, Electrical, Physics, Mathematics, or similar engineering field

General knowledge on software testing

Good communication and organizational skills and the ability to be proactive

High level of professionalism to nurture an ego-free culture

Nice to have:

Prior experience with either AV simulation or vehicle simulation

Hands-on experience testing, troubleshooting, or debugging complex software systems


Not a perfect fit? Apply anyways! We're looking for strong problem solvers who have an intuition for quality and testing -- not necessarily an exact background.

Compensation at Applied Intuition for eligible roles includes base salary, equity, and benefits. Base salary is a single component of the total compensation package, which may also include equity in the form of options and/or restricted stock units, comprehensive health, dental, vision, life and disability insurance coverage, 401k retirement benefits with employer match, learning and wellness stipends, and paid time off. Note that benefits are subject to change and may vary based on jurisdiction of employment.

Applied Intuition pay ranges reflect the minimum and maximum intended target base salary for new hire salaries for the position. The actual base salary offered to a successful candidate will additionally be influenced by a variety of factors including experience, credentials & certifications, educational attainment, skill level requirements, interview performance, and the level and scope of the position.

Please reference the job posting’s subtitle for where this position will be located. For pay transparency purposes, the base salary range for this full-time position in the location listed is: $100,000 - $170,000 USD annually.

Don’t meet every single requirement? If you’re excited about this role but your past experience doesn’t align perfectly with every qualification in the job description, we encourage you to apply anyway. You may be just the right candidate for this or other roles.

Applied Intuition is an equal opportunity employer and federal contractor or subcontractor. Consequently, the parties agree that, as applicable, they will abide by the requirements of 41 CFR 60-1.4(a), 41 CFR 60-300.5(a) and 41 CFR 60-741.5(a) and that these laws are incorporated herein by reference. These regulations prohibit discrimination against qualified individuals based on their status as protected veterans or individuals with disabilities, and prohibit discrimination against all individuals based on their race, color, religion, sex, sexual orientation, gender identity or national origin. These regulations require that covered prime contractors and subcontractors take affirmative action to employ and advance in employment individuals without regard to race, color, religion, sex, sexual orientation, gender identity, national origin, protected veteran status or disability. The parties also agree that, as applicable, they will abide by the requirements of Executive Order 13496 (29 CFR Part 471, Appendix A to Subpart A), relating to the notice of employee rights under federal labor laws.",""
"HP","Senior Software QA Engineer","2026-07-24","已投遞","130,700 to $205,200","https://hp.wd5.myworkdayjobs.com/zh-TW/EXTEU-AC-CareerSite/job/Spring-Texas-United-States-of-America/Senior-Software-QA-Engineer_3166653?utm_source=Simplify","Description -

The Senior Software QA Engineer is responsible for overseeing the design, implementation, and maintenance of robust and scalable software systems. The role collaborates with cross-functional teams, including software developers, system administrators, and project managers, to create solutions that integrate seamlessly with existing infrastructure and deliver value to end-users. The role ensures the efficiency, reliability, and performance of software systems. The role provides guidance to other team members on developing validation execution plans for new technologies.

Responsibilities

Oversees the installation, configuration, testing and maintenance of operating systems, application software, and system management tools.

Monitors and tests application performance for potential bottlenecks, identifies possible solutions, and works with developers to implement those fixes.

Optimizes software systems for performance, scalability, and resource efficiency to ensure optimal user experience.

Gathers all the system engineering requirements for the infrastructure components by working with engineering groups and other stakeholders.

Leads multiple project teams of other software systems engineers responsible for all stages of design and development for complex products and platforms, including solution design, analysis, coding, testing, and integration.

Manages and expands relationships with internal and outsourced development partners on software systems design and development.

Reviews and evaluates designs and project activities for compliance with systems design and development guidelines and standards; provides tangible feedback to improve product quality and mitigate failure risk.

Provides domain-specific expertise and overall software systems leadership and perspective to cross-organization projects, programs, and activities.

Drives innovation and integration of new technologies into projects and activities in the software systems design organization.

Provides guidance and mentoring to less- experienced staff members.


Education & Experience Recommended

Four-year or Graduate Degree in Computer Science, Information Systems, or any other related discipline or commensurate work experience or demonstrated competence.

7-10 years of work experience, preferably in systems engineering, computer programming language, or a related field.


Preferred Certifications
• Certified Software Systems Engineer (CSSE)
• Certified Systems Engineering Professional (CSEP)

Knowledge & Skills
• Agile Methodology
• Amazon Web Services
• Application Programming Interface (API)
• Automation
• C++ (Programming Language)
• Computer Science
• Debugging
• Docker (Software)
• Full Stack Development
• Java (Programming Language)
• JavaScript (Programming Language)
• Kubernetes
• Linux
• Microservices
• Microsoft Azure
• Python (Programming Language)
• Scalability
• Software Development
• Software Engineering
• SQL (Programming Language)

The pay range for this role is $130,700 to $205,200 USD annually with additional opportunities for pay in the form of bonus and/or equity (applies to United States of America candidates only). Pay varies by work location, job-related knowledge, skills, and experience.

Benefits:

HP offers a comprehensive benefits package for this position, including:

Health insurance

Dental insurance

Vision insurance

Long term/short term disability insurance

Employee assistance program

Flexible spending account

Life insurance

Generous time off policies, including;

4-12 weeks fully paid parental leave based on tenure

11 paid holidays

Additional flexible paid vacation and sick leave (US benefits overview)


The compensation and benefits information is accurate as of the date of this posting. The Company reserves the right to modify this information at any time, with or without notice, subject to applicable law.

Job -

Software
Schedule -

Full time
Shift -

No shift premium (美國)
Travel -

25%
Relocation -

Yes
Equal Opportunity Employer (EEO) - 

HP, Inc. provides equal employment opportunity to all employees and prospective employees, without regard to race, color, religion, sex, national origin, ancestry, citizenship, sexual orientation, age, disability, or status as a protected veteran, marital status, familial status, physical or mental disability, medical condition, pregnancy, genetic predisposition or carrier status, uniformed service status, political affiliation or any other characteristic protected by applicable national, federal, state, and local law(s).

Please be assured that you will not be subject to any adverse treatment if you choose to disclose the information requested. This information is provided voluntarily. The information obtained will be kept in strict confidence.",""
"Anthropic","Performance Engineer, Inference Systems","2026-07-24","已投遞","$350,000 - $850,000","https://job-boards.greenhouse.io/anthropic/jobs/5224564008?gh_src=Simplify","About Anthropic
Anthropic’s mission is to create reliable, interpretable, and steerable AI systems. We want AI to be safe and beneficial for our users and for society as a whole. Our team is a quickly growing group of committed researchers, engineers, policy experts, and business leaders working together to build beneficial AI systems.

About the Role
Anthropic's inference fleet serves Claude to millions of users across our own products and the world's largest cloud platforms. The stack that makes this possible is deep and tightly coupled: accelerator kernels, model servers, distributed routing, autoscaling, capacity management. Every layer affects the others, often in ways that are hard to see in isolation.

The Inference System Dynamics team is responsible for understanding that whole system and holding it to a high bar across four dimensions: throughput, latency, reliability, and correctness. We measure how the fleet performs against its theoretical performance frontier, run cross-layer investigations to explain the gaps, and own the correctness checks that make sure Claude's outputs are right, not just fast, across hardware platforms and serving configurations. We don't own the individual components. We instrument and model them, find the highest-leverage opportunities across them, and partner with the owning teams to land the wins.

You'll work across all four areas. One week that might mean tracing a tail-latency regression from request timing down through routing and batching into a kernel overhead; the next it might mean tightening a correctness eval so it catches an output regression introduced by a quantization change. We're looking for performance engineers who treat correctness as part of performance.

Key Responsibilities
Run cross-layer performance investigations across throughput, latency, and reliability, sizing the gap between actual fleet performance and theoretical rooflines, identifying root causes, and quantifying the value of closing them
Own and improve the correctness evaluation pipeline that validates model output quality across hardware platforms, numerics, and serving configurations, and lead the investigation when it catches a regression
Build the observability, dashboards, and modeling tools that make throughput, latency, cost, reliability, correctness, and their interactions legible across the stack
Partner with kernel, serving, routing, autoscaling, and capacity teams to prioritize and land the highest-impact optimizations your analysis surfaces
Ruthlessly stack-rank a large surface area of opportunities by impact and effort, and say no to the ones that don't make the cut
Minimum Qualifications
Hands-on performance engineering experience: profiling, roofline analysis, latency/throughput optimization, and root-cause investigation in complex production systems
Proficiency in Python, with the ability to read, instrument, and contribute to large production codebases you didn’t write
Solid data analysis skills (e.g. SQL, pandas, or similar) sufficient to turn raw telemetry into clear findings
Ability to communicate quantitative results clearly in writing to influence priorities on teams you don't manage
Genuine interest in correctness as an engineering discipline: numerics, evaluation design, regression detection
Preferred Qualifications
Experience with ML systems, especially training or inference infrastructure or general LLM serving stacks. Direct large-scale inference experience is a strong plus
Familiarity with GPU/TPU/accelerator performance concepts (memory bandwidth, kernel overheads, quantization, collective communication). Reasoning about these matters more than having written kernels yourself
Experience with reliability engineering for high-throughput services: autoscaling, load balancing, request routing, tail latency
Experience with model evaluation or numerical regression-detection pipelines
Experience building observability or telemetry for distributed systems
Comfortable having impact through influence and evidence rather than direct ownership
Representative Projects
Trace a 350ms latency gap on a new accelerator platform from end-to-end request timing down to a server scheduling overhead, quantify the win, and land the fix directly or with the owning team
Redesign the correctness eval gate: determine which signals reliably catch real model-output regressions versus noise, and make it the trusted release criterion across hardware backends
Build a FLOPs funnel that breaks down where compute actually goes across the fleet, exposing the gap between achieved throughput and kernel rooflines
Root-cause a numerical divergence between two hardware platforms to a specific kernel change, and define the acceptance threshold going forward
Model the latency–cost impact of changing batch-sizing and utilization targets, and turn the result into the signal the autoscaler uses in production
Deadline to apply: None. Applications will be reviewed on a rolling basis.

The annual compensation range for this role is listed below. 

For sales roles, the range provided is the role’s On Target Earnings (""OTE"") range, meaning that the range includes both the sales commissions/sales bonuses target and annual base salary for the role.

Annual Salary:

$350,000 - $850,000 USD

Logistics
Minimum education: Bachelor’s degree or an equivalent combination of education, training, and/or experience

Required field of study: A field relevant to the role as demonstrated through coursework, training, or professional experience

Minimum years of experience: Years of experience required will correlate with the internal job level requirements for the position

Location-based hybrid policy: Currently, we expect all staff to be in one of our offices at least 25% of the time. However, some roles may require more time in our offices.

Visa sponsorship: We do sponsor visas! However, we aren't able to successfully sponsor visas for every role and every candidate. But if we make you an offer, we will make every reasonable effort to get you a visa, and we retain an immigration lawyer to help with this.

We encourage you to apply even if you do not believe you meet every single qualification. Not all strong candidates will meet every single qualification as listed.  Research shows that people who identify as being from underrepresented groups are more prone to experiencing imposter syndrome and doubting the strength of their candidacy, so we urge you not to exclude yourself prematurely and to submit an application if you're interested in this work. We think AI systems like the ones we're building have enormous social and ethical implications. We think this makes representation even more important, and we strive to include a range of diverse perspectives on our team.

Your safety matters to us. To protect yourself from potential scams, remember that Anthropic recruiters only contact you from @anthropic.com email addresses. In some cases, we may partner with vetted recruiting agencies who will identify themselves as working on behalf of Anthropic. Be cautious of emails from other domains. Legitimate Anthropic recruiters will never ask for money, fees, or banking information before your first day. If you're ever unsure about a communication, don't click any links—visit anthropic.com/careers directly for confirmed position openings.

How we're different
We believe that the highest-impact AI research will be big science. At Anthropic we work as a single cohesive team on just a few large-scale research efforts. And we value impact — advancing our long-term goals of steerable, trustworthy AI — rather than work on smaller and more specific puzzles. We view AI research as an empirical science, which has as much in common with physics and biology as with traditional efforts in computer science. We're an extremely collaborative group, and we host frequent research discussions to ensure that we are pursuing the highest-impact work at any given time. As such, we greatly value communication skills.

The easiest way to understand our research directions is to read our recent research. This research continues many of the directions our team worked on prior to Anthropic, including: GPT-3, Circuit-Based Interpretability, Multimodal Neurons, Scaling Laws, AI & Compute, Concrete Problems in AI Safety, and Learning from Human Preferences.

Come work with us!
Anthropic is a public benefit corporation headquartered in San Francisco. We offer competitive compensation and benefits, optional equity donation matching, generous vacation and parental leave, flexible working hours, and a lovely office space in which to collaborate with colleagues. Guidance on Candidates' AI Usage: Learn about our policy for using AI in our application process.",""
"Tesla","Quality Engineer, Body, Model Y","2026-07-24","已投遞","$84,000 - $180,000","https://www.tesla.com/careers/search/job/quality-engineer-body-model-y-277136","What to Expect
The Quality Engineer will work as a member of Tesla’s Fremont Quality Engineering organization. The primary objective of this role is to support the production of high quality electric vehicles through the continual improvement of process and product quality and the systems that surround them. The successful candidate for this position must be a problem-solver at his/her core, have a strong quality & customer-focused mindset, and have the personal drive and stamina for relentless, continual improvement (personally and professionally).

What You’ll Do
Lead cross-functional problem solving teams to drive process and product improvements; use of QA methodologies to manage and facilitate issue resolution including root cause investigations and the development, implementation and monitoring of effective corrective and preventive actions
Establish and maintain quality performance metrics
Develop and implement quality standards as part of the Tesla Quality System to assure products meet expectations of our target customers
Support the development of product specifications and tolerances, design and process FMEAs and DVAs
Establish and maintain control plans and inspection standards to assure critical features are controlled through the assembly/production processes
Lead/facilitate review and disposition of discrepant materials identified for control of nonconforming product
Maintain a clean and organized work area; follow daily housekeeping and 5S standards
Promote and maintain a culture and attitude of continuous improvement, working within the Tesla team to make it more efficient, safer and an enjoyable place to work
What You’ll Bring
Bachelor's Degree in Mechanical Engineering, Industrial Engineering, or equivalent experience
Quality systems experience in a manufacturing environment (automotive preferred) 
Specific training and demonstrated success in applying quality problem solving methods such as fishbone diagrams, FMEA, process capability analysis, hypothesis testing, DoE, SPC, etc.
Experience with broad variety of measurement and inspection techniques
Excellent oral, written and presentation communication skills
Ability, willingness to travel domestically, and internationally (5% to 10%)
Must be detail oriented, effectively handle multiple priorities, have a strong quality mindset and have the ability to meet tight deadlines
Compensation and Benefits
Benefits
Along with competitive pay, as a full-time Tesla employee, you are eligible for the following benefits at day 1 of hire:

Medical plans > plan options with $0 payroll deduction
Family-building, fertility, adoption and surrogacy benefits
Dental (including orthodontic coverage) and vision plans, both have options with a $0 paycheck contribution
Company Paid (Health Savings Accounts) HSA Contribution when enrolled in the High-Deductible medical plan with HSA
Healthcare and Dependent Care Flexible Spending Accounts (FSA)
401(k) with employer match, Employee Stock Purchase Plans, and other financial benefits
Company paid Basic Life, AD&D
Short-term and long-term disability insurance (90 day waiting period)
Employee Assistance Program
Sick and Vacation time (Flex time for salary positions, Accrued hours for Hourly positions), and Paid Holidays
Back-up childcare and parenting support resources
Voluntary benefits to include: critical illness, hospital indemnity, accident insurance, theft & legal services, and pet insurance
Weight Loss and Tobacco Cessation Programs
Tesla Babies program
Commuter benefits
Employee discounts and perks program

Expected Compensation
$84,000 - $180,000/annual salary + cash and stock awards + benefits
Pay offered may vary depending on multiple individualized factors, including market location, job-related knowledge, skills, and experience. The total compensation package for this position may also include other elements dependent on the position offered. Details of participation in these benefit plans will be provided if an employee receives an offer of employment.

Tesla is an Equal Opportunity employer. All qualified applicants will receive consideration for employment without regard to any factor, including veteran status and disability status, protected by applicable federal, state or local laws.

Tesla is also committed to working with and providing reasonable accommodations to individuals with disabilities. Please let your recruiter know if you need an accommodation at any point during the interview process.

For quick access to screen reading technology compatible with this site click here to download a free compatible screen reader (free step by step tutorial can be found here). Please contact ADA@tesla.com for ADA related questions or to request ADA accommodations.

Privacy is a top priority for Tesla. We build it into our products and view it as an essential part of our business. To understand more about the data we collect and process as part of your application, please view our Tesla Talent Privacy Notice .",""
"ClassLink","Senior Quality Assurance Engineer Lead","2026-07-24","已投遞","","https://www.linkedin.com/jobs/view/4442186203/","About the job
At ClassLink, we believe learning should be accessible, engaging, and empowering for every student, every educator, everywhere. That’s why we build secure, intuitive tools that empower more than 26 million students and educators worldwide. From simplifying access with single sign-on, to advancing equity with usage analytics, to automating secure rostering, our platform helps schools focus on what matters most: teaching and learning.



We’re not just building tools, we’re building what’s next in education. By removing barriers and enabling data-driven decisions, our solutions help educators lead with confidence and students thrive in and out of the classroom every day.



Our team is driven by purpose and grounded in three core values:



Strive to Grow - always learning, improving, and innovating.
Deliver Worthwhile Experiences - for our users, our partners, and each other.
Contribute with Heart - putting people first in everything we do.


These values shape how we work, innovate, and support the communities we serve. If you’re ready to do work that makes a real difference and grow alongside a team that values collaboration, support, and continuous improvement, then ClassLink is the place for you.



The Senior Quality Engineer Lead provides strategic and technical leadership for quality engineering across multiple product areas, driving the organization's quality strategy, engineering standards, and AI-enabled testing practices. This role develops high-performing engineering leaders and teams, establishes modern testing and automation frameworks, and partners across Product Management, Engineering, Architecture, Infrastructure, Developer Experience, and Engineering Leadership to integrate quality throughout the software development lifecycle. By championing continuous improvement, advancing engineering excellence, and aligning quality initiatives with long-term technology strategy, the Senior Quality Engineer Lead enables the delivery of secure, scalable, reliable, and high-quality software that supports the organization's strategic objectives.



Key Responsibilities

AI-Enabled Quality Engineering & Technical Excellence

Lead the adoption of AI-assisted testing, intelligent automation, and modern quality engineering practices that improve software quality, testing effectiveness, and engineering productivity across multiple product areas.
Establish and promote engineering standards for AI-assisted testing, agent orchestration, responsible AI validation, observability, test data management, and software quality.
Guide engineers in effectively leveraging AI-enabled workflows while maintaining sound engineering judgment, strong testing fundamentals, and high-quality engineering outcomes.
Evaluate emerging AI technologies, testing methodologies, and quality engineering practices, leading adoption where they improve organizational effectiveness.
Quality Architecture & Solution Delivery

Define and execute quality engineering strategies across multiple product areas to ensure reliable, scalable, secure, and high-quality software delivery.
Develop comprehensive testing strategies that address business objectives, technical risks, architectural dependencies, release readiness, and customer impact.
Lead complex quality engineering initiatives, automation frameworks, and testing approaches that balance coverage, maintainability, performance, and delivery objectives.
Ensure quality engineering solutions consistently meet established standards for functionality, security, reliability, performance, and operational readiness.
Operational Excellence & Continuous Improvement

Establish quality metrics and leverage production data, testing results, customer feedback, and engineering insights to continuously improve testing effectiveness and software quality.
Drive adoption of shift-left quality practices, continuous integration, intelligent automation, and engineering processes that improve delivery predictability and engineering efficiency.
Lead continuous improvement initiatives that strengthen automation frameworks, testing processes, quality engineering standards, operational excellence, and developer productivity.
Evaluate emerging testing tools, AI-enabled capabilities, automation technologies, and engineering methodologies to improve organizational quality engineering maturity.
Cross-Functional Collaboration & Technical Leadership

Partner with Product Management, Engineering, Architecture, Infrastructure, Developer Experience, and Engineering Leadership to integrate quality throughout the software development lifecycle.
Communicate quality strategy, testing progress, release readiness, quality metrics, and technical risk assessments to engineering leadership and cross-functional stakeholders.
Represent the Quality Engineering organization in architecture reviews, engineering councils, release planning, and cross-functional initiatives while driving alignment across technical disciplines.
Mentor Quality Engineers and technical leaders through technical coaching, quality reviews, automation guidance, and knowledge sharing while promoting engineering excellence across the organization.
People Leadership & Team Development

Lead, coach, and develop a high-performing Quality Engineering team by providing regular feedback, performance coaching, career development, and growth opportunities.
Foster a collaborative, psychologically safe, and accountable team culture that promotes continuous learning, innovation, and engineering excellence.
Support hiring, onboarding, workforce planning, and succession planning to build a resilient and high-performing Quality Engineering organization.
Hold the team accountable for quality commitments, release readiness, engineering standards, professional conduct, and continuous improvement while enabling long-term team success.


This role is 100% remote eligible, with quarterly strategy meetings that are in-person.



NOTE: This job description is not intended to be all-inclusive. Employees may be asked to perform other related duties as assigned to meet the ongoing needs of the organization.



Required Skills & Qualifications

Bachelor's degree in Computer Science, Software Engineering, Information Technology, or related field, or equivalent experience.
10+ years of progressive experience in quality engineering, software engineering, or technology organizations.
5+ years of experience leading Quality Engineering teams, technical leaders, or multiple engineering initiatives.
Demonstrated success developing quality engineering strategy, organizational standards, and enterprise automation practices.
Deep expertise in AI-assisted testing, automation architecture, quality metrics, engineering governance, and software delivery.
Strong understanding of cloud-native architectures, DevOps, CI/CD, release management, and engineering operations.
Proven ability to influence engineering leadership, drive organizational change, and align quality initiatives with business objectives.
Exceptional leadership, communication, coaching, and strategic planning skills.
Experience developing engineering leaders, succession planning, workforce planning, and organizational capability.
Preferred Skills & Experience

Master's degree in Computer Science, Software Engineering, Business Administration, or related discipline.
Experience leading enterprise Quality Engineering organizations in SaaS or technology companies.
Experience defining enterprise quality strategy, governance, and organizational transformation initiatives.
Advanced expertise in AI-enabled quality engineering, intelligent automation, engineering analytics, and platform quality.
Experience participating in technology strategy, architecture governance, or executive planning.
Advanced leadership, Agile, cloud, AI, or quality engineering certifications.


This role is 100% remote eligible, with quarterly strategy meetings that are in-person.



Benefits:

Generous Paid Time Off: 4+ weeks of vacation and 13+ paid holidays
Parental Leave: 12 weeks fully paid for all parents
Retirement: 401(k) with 0.5:1 company match
Comprehensive Health Coverage: Medical, dental, and vision plans
Insurance: Company-paid life, short-term disability, and long-term disability, plus voluntary options including supplemental life, accident, and pet insurance


Perks:

Volunteer Time Off: Give back through ClassLink Cares paid volunteer days
Lifelong Learning: Tuition reimbursement for continued education
Growth & Development: Coaching and internal programs to support career and personal growth
Supportive Culture: A workplace that values curiosity, compassion, and continuous learning
Connection & Community: Annual company retreats and team events with bright, fun coworkers


At ClassLink, we believe the best ideas come from bringing together diverse perspectives. We are committed to building a team that reflects the diversity of the communities we serve and fostering a workplace where every team member feels valued, respected, and empowered to grow.



ClassLink is proud to be an equal opportunity employer. We welcome candidates of all identities, backgrounds, and experiences, and we do not discriminate on the basis of race, color, religion, sex, gender identity, sexual orientation, national origin, age, disability, veteran status, or any other legally protected characteristic.



ClassLink is powered by passionate people dedicated to improving learning in classrooms everywhere. We do this by creating and delivering great products and having fun along the way. Learn more about us at www.classlink.com.",""
"Nextpower","Robotics Quality Engineer","2026-07-24","已投遞","$145,000 - $165,000","https://nextracker.wd5.myworkdayjobs.com/nextpower_careers/job/Fremont-North-Bldg-California---USA/Robotics-Quality-Engineer_NX-3048?source=LinkedIn","Job Description:

Robotics Quality Engineer

Location: Fremont, CA - Onsite

We are seeking a Product Quality & Reliability Engineer, in Fremont, CA to serve as the technical quality lead for Nextpower's robotic and electronic systems. This role owns product-level quality from design through field performance, ensuring seamless integration of hardware, firmware, and electromechanical subsystems. Partnering cross-functionally with design, manufacturing, and suppliers, this individual will embed quality early in the product lifecycle, lead reliability validation and NPI activities, and drive data-driven improvements across PCBA, motion control, sensor, and embedded systems. The ideal candidate combines strong electronics and mechatronics expertise with hands-on validation experience, supplier quality leadership, and a passion for building robust, high-performing products.

Responsibilities:

 

Product Quality Ownership

Serve as the technical quality lead for robotic and electronic products—ensuring hardware, firmware, and electromechanical integration meet Nextracker standards.

Partner with design, test, and manufacturing engineering to embed quality and reliability controls early in the product lifecycle.

Define, implement, and validate product test and inspection requirements across PCBA, harness, motion control, and sensor subsystems.

Support new product introduction (NPI) through DFMEA/PFMEA execution, control plan creation, and design verification test (DVT) oversight.

Validate and qualify test systems and automated inspection tools for functional verification of complex assemblies.

Drive product-level reliability testing (HALT, HASS, burn-in, and environmental stress screening) and feed results into design improvements.

 

Supplier & Component Quality

Evaluate and approve suppliers for electronic and robotic assemblies—PCBs, actuators, control boards, sensors, and embedded systems.

Audit supplier facilities to confirm process capability, traceability, and quality control for critical components.

Lead technical reviews on defect trends, early-life failure data, and product field returns (RMA/FA), driving corrective and preventive action.

Implement statistical process control (SPC) and advanced data analytics (Cp, Cpk, Weibull, X̄-R) to monitor and improve part and system performance.

Develop, implement, and maintain supplier quality scorecards with metrics that emphasize reliability and system performance consistency.

 

Cross-Functional Leadership 

Collaborate with hardware and software teams to validate design for manufacturability, serviceability, and long-term reliability.

Translate customer and field feedback into actionable product improvement initiatives.

Support failure investigations through structured root cause methodologies (8D, 5-Why, fault tree analysis) and ensure learnings are applied to future designs.

Champion the “design for quality” mindset across the product organization—linking field performance data directly to design and supplier improvements.

  

REQUIREMENTS 

 

Bachelor’s Degree required (prefer degree in Electrical, Electronics, or Robotics Engineering).

Experience: 3–7 years in product-level quality or reliability engineering for robotics, embedded electronics, or smart devices.

Strong working knowledge of PCBA design and testing, motion control systems, sensors, and firmware integration.

Experience in product validation, DVT/PVT processes, and environmental/reliability qualification testing.

Skilled in Minitab or similar SPC tools, with the ability to interpret product data and drive measurable improvements.

Knowledge of ISO 9001, IATF 16949, or ISO 13485, with hands-on experience in supplier or product audits.

Proficient in GD&T, AQL inspection, and problem-solving frameworks such as DMAIC or DFSS.

 

Language:           Fluent in English

Travel:                  Up to 50% domestic travel, international travel may be required

Work Visa:          Authorized to work in United States 

 

INTERPERSONAL SKILLS 

 

·         Analytical and innovative problem-solver with strong technical grounding in electronics and mechatronics.

·         Skilled communicator who can engage effectively with design, manufacturing, and supplier teams.

·         Naturally curious, driven to understand how products fail and how to make them more robust.

·         Comfortable in both lab and field environments, balancing data analysis with hands-on validation.

·         Adaptable, pragmatic, and capable of leading cross-functional efforts under tight deadlines.

·         Committed to quality excellence, product reliability, and continuous improvement.

Nextpower offers a comprehensive benefits package. We provide health care coverage, dental and vision, 401(K) participation including company matching, company paid holidays with unlimited paid time off, generous discretionary company bonuses, life and disability protection and more. Employees in certain positions may be eligible for stock compensation. All plans are in accordance with relevant plan documents. For more information on Nextpower’s benefits please view our company website at www.nextpower.com.  Pay is based on market location and may vary based on factors including experience, skills, education and other job-related reasons. The annual salary range for this position is $145,000 - $165,000.

At Nextpower, we are driving the global energy transition with an integrated clean energy technology platform that combines intelligent structural, electrical, and digital solutions for utility-scale power plants. Our comprehensive portfolio enables faster project delivery, higher performance, and greater reliability, helping our customers capture the full value of solar power. Our talented worldwide teams are redefining how solar power plants are designed, built, and operated every day with smart technology, data-driven insights, and advanced automation. Together, we’re building the foundation for the world’s next generation of clean energy infrastructure.

Nextpower is an equal opportunity employer. We celebrate diversity and are committed to creating an inclusive environment for all employees.",""
"Archer","Senior Manufacturing Test Engineer","2026-07-24","已投遞","","https://job-boards.greenhouse.io/archer56/jobs/7660966003","Archer is an aerospace company based in San Jose, California building an all-electric vertical takeoff and landing aircraft with a mission to advance the benefits of sustainable air mobility. We are designing, manufacturing, and operating an all-electric aircraft that can carry four passengers while producing minimal noise.

Our sights are set high and our problems are hard, and we believe that diversity in the workplace is what makes us smarter, drives better insights, and will ultimately lift us all to success. We are dedicated to cultivating an equitable and inclusive environment that embraces our differences, and supports and celebrates all of our team members.

About the role:

This role sits within Manufacturing Engineering and is responsible for aircraft-level functional and end-of-line testing as each vehicle is manufactured. You will help ensure each aircraft meets required performance, integration, and system-level standards before delivery or progression into flight testing.

You’ll focus on validating that each individual build behaves as intended—verifying systems, software, electrical behavior, and overall functional readiness—while supporting the transition from prototype to production.

What you’ll do: 

Support the development and execution of functional test strategies for aircraft systems across manufacturing, from prototype builds through early production
Partner cross-functionally with Manufacturing, Design Engineering, Quality, and Flight Test to define test requirements and ensure adequate system coverage
Develop and implement automated test solutions to improve quality, repeatability, and throughput
Execute functional testing in lab environments and on-aircraft, supporting fast-paced build and integration cycles
Analyze test data to identify trends, failures, and opportunities for process improvement
Perform root-cause analysis and drive corrective actions in collaboration with cross-functional teams
Interpret electrical and system schematics to troubleshoot integration and functional issues
Contribute to the development of scalable test processes, documentation, and standard work
Ensure compliance with FAA regulations and aerospace quality standards throughout testing activities
What you need:

Bachelor’s degree in Aerospace, Mechanical, Electrical, or Manufacturing Engineering (or related field)
4+ years of experience in aerospace or complex system test, manufacturing engineering, or integration environments
Hands-on experience with functional testing of electrical and software-integrated systems
Proficiency with test equipment such as oscilloscopes, multimeters, spectrum analyzers, signal generators, and aviation-specific test systems
Experience with data analysis and scripting (Python or similar) for test automation and troubleshooting
Ability to read and interpret electrical and system schematics
Strong root-cause analysis and problem-solving skills
Familiarity with FAA regulations (Part 21, Part 145) and aerospace standards such as DO-178C, DO-254, and AS9100
Experience supporting prototype builds and transitioning into production environments
Strong communication skills and ability to collaborate across engineering, manufacturing, and quality teams
High attention to detail in safety-critical environments
Bonus Qualifications:

Experience supporting type certification, STC, or PMA processes
Familiarity with Design for Manufacturing (DFM) principles
Exposure to automated manufacturing systems and advanced test infrastructure
Experience working in fast-paced or rapidly evolving production environments (e.g., eVTOL, aerospace startups)
Leadership or mentorship experience guiding junior engineers or technicians
Please note that this job description is intended to provide a general overview of the position and does not include an exhaustive list of responsibilities and qualifications.

At Archer we aim to attract, retain, and motivate talent that possess the skills and leadership necessary to grow our business. We drive a pay-for-performance culture and reward performance that supports the Company’s business strategy. For this position we are targeting a base pay between $126,700-$158,400. Actual compensation offered will be determined by factors such as job-related knowledge, skills, and experience.

Archer is committed to provide a safe workplace and a safe aircraft. This is a safety sensitive designated role. Employment in safety sensitive positions is contingent on successful passage of a background check and is subject to pre-employment and random drug screening.

Archer is committed to working with and providing reasonable accommodations to job applicants with physical or mental disabilities, and those with sincerely held religious beliefs. Applicants who may require reasonable accommodation for any part of the application or hiring process should provide their name and contact information to Archer’s People Team at people@archer.com. Reasonable accommodations will be determined on a case-by-case basis.

Information collected and processed as part of any job applications you choose to submit is subject to Archer's Candidate Privacy Policy.
Archer is unable to provide work visa sponsorship for this position at the present time.
Archer is proud to be an Equal Opportunity employer committed to diversity and inclusivity in the workplace. All aspects of employment are decided on the basis of merit, qualifications, and business needs. We do not discriminate based upon race, color, religion, sex, sexual orientation, age, national origin, disability status, protected veteran status, gender identity or any other characteristic protected by federal, state or local laws.
Archer Aviation does not engage with external recruiting agencies/individual recruiters with whom it does not have a prior written agreement. Archer reserves the right to make use of any unsolicited resumes that it receives and bears no responsibility for payment of any fees asserted from the use of unsolicited resumes. If you are a recruiting agency or individual recruiter wishing to do business with Archer, please reach out to People@archer.com. All employment processes are managed by the Archer People Team.",""
"Applied Materials","Software Engineer QA","2026-07-24","已投遞","$124,000.00 - $171,000.00","https://jobs.appliedmaterials.com/job/-/-/95/96948423344?p_sid=YPVNOXb&p_uid=TJi2ujYhYY&soure=rd_linkedin_pj&ss=paid&utm_campaign=engineering_us&utm_content=pj_board&utm_medium=jobad&utm_source=linkedin+slotted&gad_source=7&dclid=COLtmKKD6pUDFRvoKAUdO2wGpA","Who We Are

Applied Materials is a global leader in materials engineering solutions used to produce virtually every new chip and advanced display in the world. We design, build and service cutting-edge equipment that helps our customers manufacture display and semiconductor chips – the brains of devices we use every day. As the foundation of the global electronics industry, Applied enables the exciting technologies that literally connect our world – like AI and IoT. If you want to push the boundaries of materials science and engineering to create next generation technology, join us to deliver material innovation that changes the world. 

What We Offer

Salary:

$124,000.00 - $171,000.00
Location:

Santa Clara,CA
You’ll benefit from a supportive work culture that encourages you to learn, develop, and grow your career as you take on challenges and drive innovative solutions for our customers. We empower our team to push the boundaries of what is possible—while learning every day in a supportive leading global company. Visit our Careers website to learn more. 

At Applied Materials, we care about the health and wellbeing of our employees. We’re committed to providing programs and support that encourage personal and professional growth and care for you at work, at home, or wherever you may go. Learn more about our benefits( opens in new window). 

Role Summary
Senior quality engineering expert driving scalable, AI-enabled validation strategies and ensuring high product quality across complex software systems. Acts as a trusted advisor on quality risks, customer impact, and automation-led innovation.

Key Responsibilities
Define and implement advanced quality engineering strategies, emphasizing automation, AI/ML, and scalability.
Develop, execute, and optimize complex test plans, frameworks, and standards with minimal supervision.
Lead cross-functional and cross-BU initiatives (e.g., regression standardization, test data management, coverage optimization).
Apply data analytics and predictive techniques to identify defects, prevent escapes, and assess customer risk.
Debug and validate complex software systems, ensuring robust integration across computation, data processing, and control systems.
Analyze test results, identify gaps, and drive corrective and preventive actions for quality improvement.
Provide technical leadership in resolving critical issues, escalations, and systemic product challenges.
Influence product quality direction and best practices, aligning with business objectives and customer expectations.
Collaborate with development, architecture, and leadership teams as a trusted advisor on quality trade-offs and AI adoption.
Maintain comprehensive documentation, standards, and reports to support traceability and continuous improvement.
Core Competencies
Functional Expertise: Deep knowledge in software testing, automation frameworks, and quality engineering practices
Business Insight: Translates business challenges into scalable quality solutions and best practices
Problem Solving: Applies advanced analytical thinking to solve complex quality and system issues
Impact: Directly influences product quality, customer satisfaction, and operational outcomes
Communication: Effectively communicates complex concepts and influences cross-functional stakeholders
Qualifications
Education: Bachelor’s Degree (or higher) in relevant field
Experience: 7–10 years in software quality engineering or related domain
Additional Information

Time Type:

Full time
Employee Type:

Assignee / Regular
Travel:

Yes, 10% of the Time
Relocation Eligible:

No
The salary offered to a selected candidate will be based on multiple factors including location, hire grade, job-related knowledge, skills, experience, and with consideration of internal equity of our current team members. In addition to a comprehensive benefits package, candidates may be eligible for other forms of compensation such as participation in a bonus and a stock award program, as applicable.

For all sales roles, the posted salary range is the Target Total Cash (TTC) range for the role, which is the sum of base salary and target bonus amount at 100% goal achievement.

Applied Materials is an Equal Opportunity Employer. Qualified applicants will receive consideration for employment without regard to race, color, national origin, citizenship, ancestry, religion, creed, sex, sexual orientation, gender identity, age, disability, veteran or military status, or any other basis prohibited by law.

In addition, Applied endeavors to make our careers site( opens in new window) accessible to all users. If you would like to contact us regarding accessibility of our website or need assistance completing the application process, please contact us via e-mail at Accommodations_Program@amat.com, or by calling our HR Direct Help Line at 877-612-7547, option 1, and following the prompts to speak to an HR Advisor. This contact is for accommodation requests only and cannot be used to inquire about the status of applications.",""
"Roblox","Senior QA Engineer, Safety","2026-07-24","已投遞","$187,780 - $223,660","https://careers.roblox.com/jobs/7656541?gh_jid=7656541&gh_src=da92d0c91","Every day, tens of millions of people come to Roblox to explore, create, play, learn, and connect with friends in 3D immersive digital experiences– all created by our global community of developers and creators.

At Roblox, we’re building the tools and platform that empower our community to bring any experience that they can imagine to life. Our vision is to reimagine the way people come together, from anywhere in the world, and on any device. We’re on a mission to connect a billion people with optimism and civility, and looking for amazing talent to help us get there.

A career at Roblox means you’ll be working to shape the future of human interaction, solving unique technical challenges at scale, and helping to create safer, more civil shared experiences for everyone.

As a Senior QA Engineer, you will be the first dedicated QA hire for the Safety Engineering Group, which is responsible for building the infrastructure and policies that make Roblox the safest online community in the world. You will report to the QA Engineering Manager for Universal Apps and collaborate across the Safety organization to own end-to-end test strategies for high-stakes, 24/7 incident response systems and parent-facing safety features. This role is a unique opportunity to shape the quality culture of a company-level mandate from the ground up.

You will:

Partner with Engineering and Product to define and maintain comprehensive, risk-based test coverage for Safety features and systems.
Own the end-to-end test strategy for Safety initiatives, including functional, regression, integration, and edge-case validation.
Leverage and expand internal automation frameworks to automate critical user flows and drive API-first validation strategies.
Identify high-impact automation opportunities and incorporate industry best practices to design robust, abuse-resistant test scenarios.
Develop, track, and report on quality metrics (e.g., defect trends, coverage gaps) to proactively surface release risks to stakeholders.
Apply AI/LLM-driven solutions to reduce manual QA toil and improve test maintenance efficiency.
You have:

4+ years of QA experience in highly technical or backend-driven environments, including a strong understanding of test design techniques and risk-based testing.
Strong technical proficiency in API testing (REST, JSON, Postman) and the ability to read and understand code.
Hands-on experience with automation frameworks (UI and/or API) and a deep understanding of automation architecture and maintainability.
A Bachelor’s degree or equivalent experience in Computer Science, Computer Engineering, or a similar technical field.
Strong root cause analysis capabilities with the ability to analyze logs and system behavior to debug complex issues.
Excellent cross-functional communication skills, with a proven ability to articulate risk and quality trade-offs to stakeholders.
You are:

Adversarial in your thinking: You naturally think like a ""bad actor"" to identify abuse-cases, bypass attempts, and edge cases in safety systems.
A strategic operator: You prioritize testing based on risk and impact rather than trying to ""test everything"".
An independent leader: You are comfortable being the first QA in an organization and have a vision for building a quality culture from scratch.
Data-driven: You use metrics and dashboards to influence engineering decisions and improve overall product health.
For roles that are based at our headquarters in San Mateo, CA: The starting base pay for this position is as shown below. The actual base pay is dependent upon a variety of job-related factors such as professional background, training, work experience, location, business needs and market demand. Therefore, in some circumstances, the actual salary could fall outside of this expected range. This pay range is subject to change and may be modified in the future. All full-time employees are also eligible for equity compensation and for benefits as described on this page.

Annual Salary Range
$187,780—$223,660 USD
Roles that are based in an office are onsite Tuesday, Wednesday, and Thursday, with optional presence on Monday and Friday (unless otherwise noted).

Roblox provides equal employment opportunities to all employees and applicants for employment and prohibits discrimination and harassment of any type without regard to race, color, religion, age, sex, national origin, disability status, genetics, protected veteran status, sexual orientation, gender identity or expression, or any other characteristic protected by federal, state or local laws. Roblox also provides reasonable accommodations to candidates with qualifying disabilities or religious beliefs during the recruiting process.

For US based roles only, please note the Company may not be able to employ candidates for this role who have United States work authorization related to certain U.S. visa categories, or support future H-1B sponsorship at this time.",""
"Picarro","Senior Quality Engineer","2026-07-24","已投遞","$140K to $150K","https://www.picarro.com/company/careers/job-openings/apply?gh_jid=5268707008&gh_src=6sv8s0qw8us","Senior Quality Engineer

Job Location: Santa Clara, CA (Onsite)

Job Term: Full-Time

The Opportunity:

We are seeking an experienced Senior Quality Engineer to play a critical role in sustaining Picarro’s ISO 9001:2015-certified Quality Management System while driving measurable improvements in product quality, process performance, customer satisfaction, and regulatory compliance. This role is ideal for a hands-on quality professional who enjoys developing, implementing, and improving cross-functional processes that enable operational excellence in a high-technology manufacturing environment. Reporting to the Senior Director, Quality, the Senior Quality Engineer will collaborate with Operations, Engineering, Supply Chain, Service, and other business functions to strengthen Picarro’s global Quality Management System and support continued business growth through disciplined execution, data-driven problem solving, and continual improvement.

Key Responsibilities:

Own, support, and continually improve ISO 9001:2015-compliant processes required to sustain Picarro’s third-party Quality Management System certification.
Coordinate and participate in core QMS activities, including internal audits, external audit preparation, nonconformance management, CAPA, 8D investigations, and management review support.
Lead corrective action and continual improvement initiatives by partnering cross-functionally to identify root causes, implement effective countermeasures, and verify sustained effectiveness.
Monitor, measure, and analyze process performance, quality trends, customer returns, field issues, and nonconformance data to identify risks and drive data-based improvement actions.
Create, revise, and maintain quality procedures, work instructions, forms, and records to ensure compliance, usability, accuracy, and traceability.
Collaborate with Operations, Engineering, Supply Chain, Service, suppliers, and other stakeholders to improve customer returns, manufacturing quality, supplier quality, incoming quality performance, and overall process capability.
Support product and process risk management activities, including FMEA, control plans, risk assessments, and change evaluations.
Learn Picarro’s technology, products, manufacturing processes, and customer applications to provide practical quality engineering support and drive meaningful improvement.
Minimum Qualifications:

Minimum of 5 years of related quality engineering, quality assurance, or quality systems experience in a regulated, high-technology product manufacturing environment.
Bachelor of Science degree in Mechanical Engineering, Optical Engineering, Electromechanical Engineering, Industrial Engineering, or a related technical discipline; Master’s degree preferred.
Demonstrated proficiency applying quality and problem-solving tools, including Lean Manufacturing, process auditing, dFMEA/pFMEA, Control plan, Measurement System Analysis, Gage R&R, root cause analysis, Ishikawa diagrams, 5-Whys, 8D, and risk assessments.
Working knowledge of ISO 9001:2015 requirements, internal audit practices, corrective action systems, document control, and quality records management.
Hands-on experience supporting supplier quality activities, including supplier qualification, supplier audits, supplier corrective action requests, incoming inspection, supplier performance monitoring, and supplier-related nonconformance resolution.
Proficiency with business and quality systems/tools such as Microsoft Excel, PowerPoint, Word, Access, Visio, MS Project, Tableau or Power BI Data analytics, Arena, NetSuite, or equivalent platforms.
Strong attention to detail, organizational discipline, communication skills, and problem-solving capability in a collaborative team environment.
Ability to influence cross-functional stakeholders, manage competing priorities, and drive actions to closure with a sense of urgency.
Experience with CE marking, Directive (EU) 2015/863 (RoHS 3), WEEE Directive 2012/19/EU, REACH, CSA, or similar product compliance requirements is preferred.
Preferred Additional Qualifications:

Experience applying advanced improvement methods such as Six Sigma, DFSS, DMAIC, Statistical Process Control, process mapping, activity value analysis, SIPOC, process capability analysis, and Design of Experiments.
Experience with spectroscopy, laser-based optical instruments, mass spectrometry, trace gas analyzers, capital equipment, or similar high-precision technology platforms.
ASQ certification, such as Certified Quality Engineer (CQE), Certified Quality Auditor (CQA), Six Sigma Green Belt, or Six Sigma Black Belt is preferred.
The base salary range for this full-time position is $140K to $150K. Our total compensation packages includes base salary, bonus eligibility, and equity. Your base salary range and title will be determined based on the location, experience, qualification, skills, knowledge, level, and pay of employees in similar positions.

We offer a comprehensive benefit package including:

Medical, Dental, and Vision insurance
Flexible Spending Account (FSA) and Health Savings Account (HSA) plans
Life, Short-Term Disability, and Long-Term Disability Insurance
Paid Time Off and Paid Holidays
Employee Referral Program
401K
Social events (summer picnic, holiday party, team lunches, etc.)
On-site Health & Wellness programs (fitness challenges, outdoor bootcamp, flu-shots, etc.)
About Picarro:

We are the world's leader in timely, trusted, and actionable data using enhanced optical spectroscopy. Our solutions are used in a wide variety of applications, including natural gas leak detection, ethylene oxide emissions monitoring, semiconductor fabrication, pharmaceutical, petrochemical, atmospheric science, air quality, greenhouse gas measurements, food safety, hydrology, ecology, and more. Our software and hardware are designed and manufactured in Santa Clara, California and are used in over 90 countries worldwide based on over 65 patents related to cavity ring-down spectroscopy (CRDS) technology and are unparalleled in their precision, ease of use, and reliability.

At Picarro, we are committed to fostering a diverse and inclusive workplace. All qualified applicants will receive consideration for employment without regard to race, sex, color, religion, national origin, protected veteran status, gender identity, social orientation, or disability. Posted positions are not open to third-party recruiters/agencies, and unsolicited resume submissions will be considered free referrals. 

At Picarro, we strive to ensure that all individuals, regardless of their abilities, have equal opportunities. If you are an individual with a disability and require reasonable accommodation to complete any part of the application process or are limited in the ability or unable to access or use this online application process and need an alternative method for applying, please contact Picarro, Inc. at disabilityassistance@picarro.com for assistance.",""
"NVIDIA","Senior Software Development Engineer in Test","2026-07-23","遺憾信","","https://nvidia.wd5.myworkdayjobs.com/en-US/NVIDIAExternalCareerSite/job/Senior-Software-Development-Engineer-in-Test_JR2018424","Are you passionate about automation, AI-assisted development, gaming technology, and improving software quality through thoughtful testing? If so, we have a phenomenal opportunity for you! NVIDIA is seeking a creative, hands-on automation engineer with strong Python development skills, a quality-focused attitude, and the ability to understand complex software, hardware, and PC gaming interactions. The successful candidate will help build and maintain Python-based automation frameworks, use AI development tools to accelerate test creation and implementation, and contribute to manual test planning and execution for NVIDIA App, the successor to GeForce Experience and NVIDIA Control Panel.

As a Software Development Engineer in Test, you will develop automation, tools, and test coverage for NVIDIA software products, with a focus on improving quality, accelerating validation, and identifying defects early in the development lifecycle.

What you’ll be doing:

Design, implement, and maintain automated tests using Python for NVIDIA app and interactions with drivers, applications, and gaming-related technologies.

Use AI development tools such as Codex, Claude Code, Cursor or similar AI-assisted development tools to accelerate automation development, test generation, debugging, and workflow optimization.

Build and improve automation framework components, utilities, and tools that make test execution more reliable, scalable, and efficient.

Translate product documentation and feature requirements into test plans, automation coverage, and targeted hands-on validation for complex PC platform scenarios, including corner cases and obscure interactions across hardware, software, drivers, games, and system settings.

Debug automation failures, product defects, and platform issues to identify root cause and communicate findings clearly.

Write maintainable, reliable, and well-documented Python code. Participate in peer code reviews with feedback on correctness, scalability, maintainability, and performance.

Work closely with development, QA, and leadership teams to report progress, raise risks, and improve overall product quality.

What we need to see:

B.E./B. Tech degree in Computer Science, Computer Engineering, Electrical Engineering, or equivalent experience.

5+ years of software development, test automation, or software quality engineering experience, including collaboration across development and test teams across the globe.

Strong programming experience in Python, including object-oriented programming, package management, debugging, logging, error handling, and automation framework development.

Hands-on experience building or maintaining automated tests, test tools, or automation infrastructure.

Working knowledge of AI-assisted development tools and workflows, including the ability to use coding agents or CLI-based AI tools to generate, modify, debug, and improve automation code.

Experience reading user documentation, product specifications, or feature requirements and developing test plans and test cases from them.

Good understanding of Windows operating systems, PC architecture, drivers, hardware/software interactions, PC gaming scenarios, and troubleshooting workflows.

Strong problem-solving and debugging skills, including the ability to isolate issues across automation, product code, operating systems, drivers, hardware configurations, and game/application behavior.

Ways to stand out from the crowd:

Experience with agentic AI development, including how agents are created, configured, prompted, evaluated, and integrated into engineering workflows.

Prior experience using Codex, Claude Code, or similar AI coding agents for real software development or test automation work.

Experience with GPUs, graphics drivers, gaming technologies, or NVIDIA technologies such as DLSS, Frame Generation, Reflex, CUDA, G-Sync, or related areas.

Strong knowledge of PC gaming ecosystems, including launchers, overlays, multi-monitor setups, display modes, input devices, performance tools, and compatibility scenarios.

Your base salary will be determined based on your location, experience, and the pay of employees in similar positions. The base salary range is 140,000 USD - 224,250 USD for Level 3, and 168,000 USD - 270,250 USD for Level 4.
You will also be eligible for equity and benefits.

Applications for this job will be accepted at least until July 1, 2026.
This posting is for an existing vacancy. 

NVIDIA uses AI tools in its recruiting processes.

NVIDIA is committed to fostering an inclusive work environment and proud to be an equal opportunity employer. As we highly value diversity in our current and future employees, we do not discriminate (including in our hiring and promotion practices) on the basis of race, religion, color, national origin, gender, gender expression, sexual orientation, age, marital status, veteran status, disability status or any other characteristic protected by law.",""
"NVIDIA","System Test Engineer","2026-07-23","已投遞","132,000 USD - 207,000","https://nvidia.wd5.myworkdayjobs.com/en-US/NVIDIAExternalCareerSite/job/System-Test-Engineer_JR2018095","We are looking to hire a Senior System Test Engineer with a strong background in embedded and automotive systems who will work in the test solutions group at NVIDIA developing manufacturing test solutions for Embedded and Automotive products. Through HW and SW expertise, you will explore challenging areas of test coverage and test automation to find the right solutions.

NVIDIA has continuously reinvented itself over two decades. Our invention of the GPU in 1999 sparked the growth of the PC gaming market, redefined modern computer graphics, and revolutionized parallel computing. More recently, GPU deep learning ignited modern AI — the next era of computing. NVIDIA is a “learning machine” that constantly evolves by adapting to new opportunities that are hard to solve, that only we can pursue, and that matter to the world. This is our life’s work, to amplify human creativity and intelligence. Make the choice to join our growing team today!

What you will be doing:

Design, develop, and implement manufacturing test solutions for embedded and automotive system products.

Investigate and introduce new manufacturing test technology and methodology to improve production efficiency.

Develop test strategy for new product features including identification, specification, design and qualification of test fixtures, test equipment and diagnostic software.

Review and provide feedback for DFT in the early design stages.

Debug complex hardware and software issues during build phases

Contribute to automated diagnostic generation and validation infrastructure.

Travel to CM sites, both local and overseas to provide on-site support for builds and factory operations as necessary.

What we need to see:

5+ years of experience with post-silicon validation experience in Board or System level products

BS Degree or equivalent experience.

Experience working with manufacturing test programs at platform or system level.

Proficiency in Python programming and experience with Linux operating systems. Familiarity with version control systems, particularly GitLab

Understanding of hardware and system-level concepts in embedded and automotive environments. Background working with embedded and automotive systems.

Familiarity with RF principles and testing methodologies. Knowledge of wireless communication standards (e.g., 5G, Wi-Fi, Bluetooth) and Hands-on experience with RF testers and analyzers is a plus.

Excellent problem-solving skills, attention to detail, and effective communication skills.

With competitive salaries and a generous benefits package, we are widely considered to be one of the technology world’s most desirable employers. If you're a creative and autonomous engineer with a real passion for technology, we want to hear from you. Come build the future with us!

Your base salary will be determined based on your location, experience, and the pay of employees in similar positions. The base salary range is 132,000 USD - 207,000 USD.
You will also be eligible for equity and benefits.

Applications for this job will be accepted at least until July 26, 2026.
This posting is for an existing vacancy. 

NVIDIA uses AI tools in its recruiting processes.

NVIDIA is committed to fostering an inclusive work environment and proud to be an equal opportunity employer. As we highly value diversity in our current and future employees, we do not discriminate (including in our hiring and promotion practices) on the basis of race, religion, color, national origin, gender, gender expression, sexual orientation, age, marital status, veteran status, disability status or any other characteristic protected by law.",""
"Joby Aviation","Senior Quality Assurance Engineer","2026-07-23","已投遞","$141,000 - $217,700","https://www.linkedin.com/jobs/view/4437705504/","About the job
Imagine a piloted air taxi that takes off vertically, then quietly carries you and your fellow passengers over the congested city streets below, enabling you to spend more time with the people and places that matter most. At Joby, we've been working to make that dream a reality since 2009 and we're now in the final stages of certifying our aircraft with the FAA. With plans to launch our aircraft in the US and Dubai, we're now scaling manufacturing and preparing for the launch of our commercial service.



Overview

We're looking for a highly motivated Senior Quality Assurance Engineer to join our Factory Systems team. We are seeking an experienced quality engineer who is passionate about building something exciting and new and wants to help make quiet, emissions-free flight an everyday reality. As a senior quality assurance engineer on the Factory Systems team, you will work closely with Product Management, Product Operations and various customer teams like Manufacturing or Supply chain on building a holistic system landscape for enabling the successful design, test and manufacturing of our revolutionary aircraft. This is the first QA hire focused on our internal enterprise software. You will have the opportunity to shape best practices and the future of QA on the team.



Responsibilities

Work closely with engineering, product and design to ensure our suite of factory systems products meets the product requirements
Identify, reproduce, isolate and report bugs
Work closely with stakeholders on developing a comprehensive suite of test cases
Develop automated testing and conduct hands-on testing for our product suite
Conduct user focused testing for new features
Create comprehensive QA plans and manage their execution
Collaborate with our frontend, backend and infrastructure teams on incorporating key test frameworks into both our internal products as well as external systems
Manage project timelines and release schedules
Aid in prioritization and communication of issues between customers, product and engineering


Required

B.S. or M.S. in Computer Science or related field and 6+ years of Software QA experience crafting, maintaining and carrying out test plans
3+ years of programming experience, preferably in scripting and automated testing
Understanding of software development lifecycle, testing methodologies, and testing tools
Worked with automation test tools such as Playwright, Selenium, Apium or Cypress
Experience crafting test reporting dashboards and reports, enabling seamless status reporting to multi-functional partners
Experience identifying automation requirements and crafting solutions to address test execution challenges
Experience diagnosing and debugging complex systems
Enjoys working in a dynamic environment that is evolving and may be demanding at times
Proficient at balancing multiple efforts simultaneously and meeting deadlines
Proactive, take initiatives, and work independently
Experience with real time data processing and streaming


Desired

Have experience with project management
Experience with ticket tracking systems and preferably experience with Linear.
Have experience working in manufacturing organizations
Experience handling sensitive customer data and logs
Experience with cloud environments as well as application deployment and scaling technologies such as AWS, Kubernetes, docker, Firebase
Ability to maximize efficiency of testing and QA by utilizing the engineers, product managers and designers most effectively
Experience with test frameworks for external systems like Microsoft Dynamics


Additional Information

Compensation at Joby is a combination of base pay and Restricted Stock Units (RSUs). The target base pay for this position is $141,000 - $217,700/yr.



The compensation package will be determined by job-related knowledge, skills, and experience.



Joby also offers a comprehensive benefits package, including paid time off, healthcare benefits, a 401(k) plan with a company match, an employee stock purchase plan (ESPP), short-term and long-term disability coverage, life insurance, and more.",""
"AMD","Systems Application Engineer","2026-07-23","已投遞","","https://careers-amd.icims.com/jobs/87742/systems-application-engineer/job?mode=submit_apply","WHAT YOU DO AT AMD CHANGES EVERYTHING 

At AMD, our mission is to build great products that accelerate next-generation computing experiences—from AI and data centers, to PCs, gaming and embedded systems. Grounded in a culture of innovation and collaboration, we believe real progress comes from bold ideas, human ingenuity and a shared passion to create something extraordinary. When you join AMD, you’ll discover the real differentiator is our culture. We push the limits of innovation to solve the world’s most important challenges—striving for execution excellence, while being direct, humble, collaborative, and inclusive of diverse perspectives. Join us as we shape the future of AI and beyond.  Together, we advance your career.  

Responsibilities
THE ROLE:

Join AMD’s Datacenter GPU Platform Application Engineering team as a System Application Engineer, supporting our Data Center GPU customers across Cloud, HPC, and OEM segments. In this customer-centric role, you will collaborate with external OEM partners, internal development and validation teams, and cross-functional stakeholders to bring next-generation server platforms to market powered by AMD’s Instinct™ Accelerators—and ensure their successful deployment in customer data centers.

 

THE PERSON:

You are a hands-on technical problem solver who thrives at the intersection of hardware and software. You enjoy collaborating directly with customers and internal engineering teams to turn complex system challenges into actionable solutions. .

 

You take ownership of outcomes, not just tasks, and you’re driven by a passion for high-performance computing and enabling cutting-edge data center technologies.

 

You’ll excel in this role if you:

Are energized by customer engagement and technical troubleshooting.
Have strong analytical instincts and a structured approach to problem solving.
Communicate clearly and proactively across technical and non-technical audiences.
Enjoy collaborating across hardware, firmware, and software disciplines.
Bring curiosity, creativity, and persistence to complex engineering challenges.
 

KEY RESPONSIBILITIES:

Manage technical interaction with OEM/ODM Partners to enable deployment of AMD Instinct™ Accelerators in Partner systems.
Support Partners in the bring-up and validation of AMD Instinct™ GPUs in their system, guide partners on use of AMD tools, qualification test methods, and analysis of test results.
Lead the debug of Partner/Customer issues (HW, firmware, driver), working with a cross-functional team and driving the root cause investigation.
Work with Partners on the development of manufacturing/screen tests to ensure reliability at scale.
Understand Partner requirements and schedule, identify gaps in AMD offering and work with other stakeholders to close them.
Author design guideline, technical presentations, and training material.
Provide recommendation to improve customer experience with our SW and HW.
 

PREFERRED EXPERIENCE:

Solid years’ experience in Data Center system design, board design, validation, or Application Engineering, preferably in external customer facing roles.
Strong knowledge in PC/server architecture and interfaces, experience with system level debug.
Strong System Level debugging skills with hands-on experiences in system bring-up, HW debug, and performance optimizations on various system architectures.
Understanding and experience working with Enterprise Linux environment (Ubuntu, CentOS/RHEL and SLES).
Excellent oral and written communication skills to communicate technical results clearly and accurately.
Test or design experience in system interconnect technologies (PCIe, XGMI, CXL, USB, I/O Controllers)
Familiarity with various deployment models including cloud, virtualization and containers.
Automation, orchestration, delivery via Kubernetes, Docker, or Mesos.
Experience or knowledge of server firmware/BIOS settings, boot process, server monitoring and management SW.
Experience relating to power and thermal management.
Solid knowledge of Shell/BASH, C/C++, Python, or other framework.
Experience with OpenCL, CUDA, or ROCm is a plus.
ACADEMIC CREDENTIALS:

BS in Electrical Engineering, Computer Engineering, or Computer Science. MS or PhD a plus.
LOCATION:

Austin, TX
Markham, Canada
Santa Clara, CA
Other locations may be considered for highly experienced candidates
 

This role is not eligible for visa sponsorship.

 

#LI-EV1

#LI-HYBRID

Qualifications
Benefits offered are described:  AMD benefits at a glance.

 

AMD does not accept unsolicited resumes from headhunters, recruitment agencies, or fee-based recruitment services. AMD and its subsidiaries are equal opportunity, inclusive employers and will consider all applicants without regard to age, ancestry, color, marital status, medical condition, mental or physical disability, national origin, race, religion, political and/or third-party affiliation, sex, pregnancy, sexual orientation, gender identity, military or veteran status, or any other characteristic protected by law.   We encourage applications from all qualified candidates and will accommodate applicants’ needs under the respective laws throughout all stages of the recruitment and selection process.

 

AMD may use Artificial Intelligence to help screen, assess or select applicants for this position.  AMD’s “Responsible AI Policy” is available here.

 

This posting is for an existing vacancy.",""
"Cybotic System","Senior Quality Engineer","2026-07-23","已投遞","","https://www.linkedin.com/jobs/view/4433121271/","About the job
Senior Quality Engineer - Mid-Day Shift

San Jose, CA - (5 days onsite)

Shift: Mid-Day (~12:30PM-9:00PM)



Summary

This position plays a key role in Supplier Quality Management, Incoming Quality Control (IQC), and New Product Introduction (NPI), ensuring quality excellence from supplier qualification through mass production. The ideal candidate will have strong experience in electronics manufacturing, supplier quality, root cause analysis, and cross-functional problem solving within a fast-paced manufacturing environment.



Required Qualifications

Bachelor's degree in Electrical Engineering or a related technical field.
Minimum 5 years of experience in Quality Engineering, Supplier Quality Engineering, or Manufacturing Engineering.
Strong analytical and critical thinking skills with expertise in yield, test, defect, and reliability data analysis.
Solid understanding of SMT, PIH, PCBA manufacturing, testing processes, and RMA repair.
Experience with supplier quality management, audits, corrective actions, and quality system compliance.
In-depth knowledge of electronic theory, digital and analog circuitry, and PC system architecture.
Expertise in IPC-A-610 and J-STD-001 workmanship standards for complex PCBA and system assembly.
Proven ability to lead cross-functional teams through root cause analysis and corrective actions.
Excellent verbal and written communication skills with the ability to influence stakeholders at all levels.
Strong customer service orientation and experience managing escalations.


Preferred Qualifications

Experience in NPI quality management and ramp-to-mass-production transitions.
Experience in semiconductor, silicon manufacturing, or electronics testing environments.
Familiarity with mechanical manufacturing processes and assemblies.
Professional certifications such as CQE, Six Sigma Green Belt/Black Belt, Lean Manufacturing, or equivalent.
Experience conducting supplier audits and quality system assessments.
Proficiency in Microsoft Office Suite (Excel, Word, PowerPoint).
Familiarity with quality tools such as SPC, Minitab, FMEA, Control Plans, and PPAP.
Mandarin language proficiency is a plus.",""
"RTX","Sr Product Quality Engineer","2026-07-23","審核中","95,500 USD - 181,700","https://careers.rtx.com/global/en/job/RAYTGLOBAL01846037EXTERNALENGLOBAL/Sr-Product-Quality-Engineer-Onsite-Relocation-Available?utm_source=linkedin&utm_medium=phenom-feeds","Date Posted:

2026-06-03
Country:

United States of America
Location:

US-CA-FAIRFIELD-3530 ~ 3530 Branscombe Rd ~ BRANSCOMBE
Position Role Type:

Onsite
U.S. Citizen, U.S. Person, or Immigration Status Requirements:

This job requires a U.S. Person. A U.S. Person is a lawful permanent resident as defined in 8 U.S.C. 1101(a)(20) or who is a protected individual as defined by 8 U.S.C. 1324b(a)(3). U.S. citizens, U.S. nationals, U.S. permanent residents, or individuals granted refugee or asylee status in the U.S. are considered U.S. persons. For a complete definition of “U.S. Person” go here: https://www.ecfr.gov/current/title-22/chapter-I/subchapter-M/part-120/subpart-C/section-120.62
Security Clearance Type:

None/Not Required
Security Clearance Status:

Not Required
At RTX, the world largest aerospace and defense company, 185,000 great minds are united by purpose and inspired to make a difference solving the world’s most complex problems. With our three market leading businesses, world-class operations and investments in research and development, we offer capabilities and opportunity no one else can. Together, we push the boundaries of known science and find new ways to connect and protect our world.

Collins Aerospace is a leader in technologically advanced, intelligent solutions that help redefine the aerospace and defense industry. With a comprehensive portfolio and deep technical expertise, we help customers meet the demands of the global market. Join us and help shape the future of aerospace and defense.

Collins Aerospace is seeking a results-driven and detail-oriented Senior Product Quality Engineer to join our Product Quality team in Fairfield, CA. This key engineering role is responsible for leading the evaluation and disposition of nonconforming material from production, receiving inspection, and final inspection, ensuring swift resolution through effective Material Review Board (MRB) processes.

As a Senior Product Quality Engineer, you will collaborate with cross-functional teams—including Manufacturing, Engineering, Supplier Quality, and Procurement—to analyze quality issues, drive root cause and corrective actions, and continuously improve product quality and process performance. You will monitor and drive improvements in key performance indicators (KPIs) such as scrap rates, rework, and first-pass yield. This position also plays a leadership role in closing out quality notifications and corrective action requests (CARs) and participating in Quality Clinic activities and continuous improvement initiatives.

As an employee at Collins Aerospace-Fairfield, Safety is an expectation. Employees are expected to work safely, follow all safety rules, requirements, procedures, and instructions always. You are expected to actively participate in the safety program and be mindful of your safety and the safety of others. You are expected to complete all safety training in a timely manner.

Position is currently required to work onsite at our Fairfield, CA facilities.

(Relocation assistance is available).

What You Will Do

Lead or participate in MRB (Material Review Board) activities to evaluate and disposition discrepant material from production and inspection.
Analyze nonconforming material data and coordinate timely and accurate dispositions in accordance with internal procedures and regulatory standards.
Manage and monitor quality notifications, ensuring closure through thorough documentation, root cause analysis, and follow-up actions.
Collaborate with Engineering, Supplier Quality, and Operations teams to resolve quality issues impacting production flow and product conformity.
Drive and close assigned Corrective Action Requests (CARs) by leading root cause investigations and ensuring effectiveness of implemented solutions.
Monitor and report on KPIs including scrap, rework, defect trends, and quality notification aging; identify areas for improvement and recommend actions.
Participate in and support Quality Clinic activities to triage quality issues and escalate concerns as needed for cross-functional resolution.
Support and lead process improvement projects targeting quality, yield, and operational efficiency.
Identify systemic issues and work cross-functionally to implement preventive actions.
Contribute to internal audits, regulatory compliance efforts, and risk mitigation activities.
Qualifications You Must Have

Typically requires a degree in Science, Technology, Engineering or Mathematics (STEM) and minimum 5 years prior relevant experience or an Advanced Degree in a related field and minimum 3 years of experience.
Must have the ability to obtain and maintain Alcohol, Tobacco, Firearms and Explosives (ATF) access.
MRB processes, nonconformance management, and RCCA (Root Cause & Corrective Action).
Experience with data analysis and reporting.
Excellent written and verbal communication skills, with ability to engage cross-functional teams effectively.
Qualifications We Prefer

Master’s degree in Engineering or related field.
Experience in aerospace, defense, or regulated manufacturing environments.
Familiarity with SAP, PLM systems (e.g., Windchill), and QMS tools.
Knowledge of quality standards such as AS9100, ISO 9001, and regulatory compliance frameworks.
Experience with Lean, Six Sigma, or other structured continuous improvement methodologies.
What We Offer

Some of our competitive benefits package includes:  

Medical, dental, and vision insurance  
Three weeks of vacation for newly hired employees  
Generous 401(k) plan that includes employer matching funds and separate employer retirement contribution, including a Lifetime Income Strategy option  
Tuition reimbursement program 
Student Loan Repayment Program  
Life insurance and disability coverage  
Optional coverages you can buy pet insurance, home and auto insurance, additional life and accident insurance, critical illness insurance, group legal, ID theft protection 
Birth, adoption, parental leave benefits 
Ovia Health, fertility, and family planning  
Adoption Assistance  
Autism Benefit  
Employee Assistance Plan, including up to 10 free counseling sessions  
Healthy You Incentives, wellness rewards program 
Doctor on Demand, virtual doctor visits  
Bright Horizons, child and elder care services 
Teladoc Medical Experts, second opinion program  
And more!
Learn More & Apply Now!​

Operations, Supply Chain and EH&S:

The next chapter of our future as an aerospace company is here, and we are excited about what this means for our employees and customers! Get onboard the Collins Aerospace Operations team and play a part in managing our innovative products from inception to delivery. The Operations team continues to grow and aims to strengthen the connection of Manufacturing Operations, Supply Chain and Environment, Health & Safety (EH&S) across Collins Aerospace. In this dynamic environment, you will have the opportunity to network across our businesses and functions, all while improving the productivity, quality and efficiency of our operations worldwide. 

Collins Aerospace, a RTX company, is a leader in technologically advanced and intelligent solutions for the global aerospace and defense industry. Collins Aerospace has the capabilities, comprehensive portfolio and expertise to solve customers’ toughest challenges and to meet the demands of a rapidly evolving global market.

WE ARE REDEFINING AEROSPACE.

*Please ensure the role type (defined below) is appropriate for your needs before applying to this role.

Onsite: Employees who are working in Onsite roles will work primarily onsite. This includes all production and maintenance employees, as they are essential to the development of our products. 

 At Collins, the paths we pave together lead to limitless possibility. And the bonds we form – with our customers and with each other -- propel us all higher, again and again.  

Apply now and be part of the team that’s redefining aerospace, every day!

As part of our commitment to maintaining a secure hiring process, candidates may be asked to attend select steps of the interview process in-person at one of our office locations, regardless of whether the role is designated as on-site, hybrid or remote.

The salary range for this role is 95,500 USD - 181,700 USD. The salary range provided is a good faith estimate representative of all experience levels. RTX considers several factors when extending an offer, including but not limited to, the role, function and associated responsibilities, a candidate’s work experience, location, education/training, and key skills.
Hired applicants may be eligible for benefits, including but not limited to, medical, dental, vision, life insurance, short-term disability, long-term disability, 401(k) match, flexible spending accounts, flexible work schedules, employee assistance program, Employee Scholar Program, parental leave, paid time off, and holidays. Specific benefits are dependent upon the specific business unit as well as whether or not the position is covered by a collective-bargaining agreement.
Hired applicants may be eligible for annual short-term and/or long-term incentive compensation programs depending on the level of the position and whether or not it is covered by a collective-bargaining agreement. Payments under these annual programs are not guaranteed and are dependent upon a variety of factors including, but not limited to, individual performance, business unit performance, and/or the company’s performance.
This role is a U.S.-based role. If the successful candidate resides in a U.S. territory, the appropriate pay structure and benefits will apply.
RTX anticipates the application window closing approximately 40 days from the date the notice was posted. However, factors such as candidate flow and business necessity may require RTX to shorten or extend the application window.
RTX is an Equal Opportunity Employer. All qualified applicants will receive consideration for employment without regard to race, color, religion, sex, sexual orientation, gender identity, national origin, age, disability or veteran status, or any other applicable state or federal protected class. RTX provides affirmative action in employment for qualified Individuals with a Disability and Protected Veterans in compliance with Section 503 of the Rehabilitation Act and the Vietnam Era Veterans’ Readjustment Assistance Act.

Privacy Policy and Terms:

Click on this link to read the Policy and Terms",""
"Thales","Senior Quality Engineer","2026-07-23","已投遞","98,337.00 - 163,895.00","https://www.linkedin.com/jobs/view/4414535921/","About the job
Location: Irvine, United States of America

Thales people architect solutions that enable two-thirds of planes to take off and land safely. We create in-flight entertainment systems that engross 50 million fliers every year and we develop the avionics that control the world’s largest commercial aircrafts. Our simulators train the next generation of pilots for fighter jets, transporters and search and rescue helicopters. And, together, each and every member of our aerospace team makes a difference.

Senior Quality Engineer

Irvine, CA (Hybrid)

Position Summary

Thales is looking for a Senior Quality Engineer to perform a high-level quality engineering and quality assurance function in hardware development, manufacturing, and in-service products. Additional responsibilities include completing tasks and fulfill roles related to Advance Product Quality Planning (APQP), Regulatory Airworthiness and Thales PMA Organization Designation Authorization (ODA).

In this position, you will also interact with internal cross-functional teams such as Operations, Engineering, Finance, Program Management and external organizations such as customers, suppliers, service providers, and regulatory agencies. As the Senior Quality Engineer, you will be expected to also serve as a delegate when needed, lead cross-functional teams to complete tasks & projects (e.g. audits, continual improvements, development of new processes, etc.), and provide mentorship and problem-solving guidance to team members.

Key Areas of Responsibility

Provides direction and facilitate activities (internally and externally) related to Quality Assurance, Advance Product Quality Planning (APQP), Root Cause Corrective Action (RCCA), Safety Management System (SMS), Product Safety Board, Regulatory, and PMA ODA (at Irvine California and Orlando Florida facilities).
Confidently make decisions relative to personnel assignments and functional technical requirements with regards to Hardware Quality Assurance and PMA ODA without requiring approval from the Hardware QA manager/director and PMA ODA Administrator.
Lead discussions with cross departmental team members for continual improvement efforts and problem resolution; Conducts problem solving circles, continuous improvement activities, and root cause analysis training; Verify requirements and submits PMA application packages to the PMA ODA Administrator.
Perform reviews and assessments of: Hardware Quality Engineer and PMA ODA Unit Member performance; Hardware Quality Assurance roles and responsibilities; Reports related to product safety investigations and reports/presentations submitted by Hardware Quality Engineers; Process compliance, risks, and maturity level during the execution of design and development projects, product design, configuration control, manufacturing processes, and supplier control; Technical and Contractual requirements flow down and traceability; APQP deliverables, RCCA plans.
Reporting / Documentation: Provide reports, presentations, formal communications (memos, letters, etc.); Revise procedures, forms, inspection instructions; Develop reports on the status of tasks and objectives (via written or verbal means).


Minimum Qualifications

Bachelor of Science degree with 4+ years of related experience, or an equivalent combination of education and experience; accomplished Aerospace industry professional with active involvement in Regulatory Airworthiness activities and use of Regulatory websites.
Highly experienced within Quality Assurance and Quality Engineering functions across manufacturing environments including Aerospace, Automotive, Electronics, and Contract Manufacturing; strong understanding of Quality Assurance tools and terminology including FMEA, RCCA, SPC, Control Plans, Containment, Material Review Board (MRB), Configuration Control, and Quality Assurance Plans.
Seasoned in the implementation of APQP and highly capable in facilitating teams through all phases of APQP (AS9145) and related tools; proficient in nonconforming parts containment, root cause corrective action, quality systems/process audits, and leading Product Safety Board meetings through thorough evaluation of product safety reports.
Competent in managing individuals, leading teams, conducting personnel performance evaluations, resolving conflicts related to personnel performance, workload prioritization, and process compliance; able to provide effective solutions aligned to situational objectives and scope while maintaining composure in stressful situations.
Strong technical and manufacturing comprehension including the use of mechanical inspection tools (calipers, rulers, scales, etc.), interpretation of two-dimensional drawings, and understanding of technical specifications with a high level of attention to detail and rigor.
Excellent communication, facilitation, and reporting skills with the ability to clearly present ideas verbally and in writing, facilitate meetings effectively in person or virtually, create reports/presentations including proposals, analyses, and status updates, and proficiency in Microsoft Office applications including Outlook, Excel, Word, and PowerPoint.


Applicants must be legally authorized to work in the United States for any employer at the time of hire. This position is not eligible for visa sponsorship or for assuming sponsorship of an employment visa now or in the future.

If you’re excited about working with Thales, but not meeting the requirements for this position, we encourage you to join our Talent Community!

Special Position Requirements

Schedule: Core business hours Monday-Friday.
Physical Environment: Manufacturing / Production areas, lab testing facilities, warehouse.
Physical Demands: Typing on a laptop or desktop computer, reading, sitting, walking, lifting up to 25 lbs., bending at the knees and waist.
Travel: Potentially 20% domestic and international travel.
Personal Vehicle Usage: When needed, the employee’s personal vehicle will be used to travel to local suppliers, testing facilities, suppliers, and airport.
Regulatory Compliance Requirements: None.


Why Join Us?

Say HI and learn more about working at Thales click here.

This position will require successfully completing a post-offer background check. Qualified candidates with [a] criminal history will be considered and are not automatically disqualified, consistent with federal law, state law, and local ordinances.

We are an equal opportunity employer, including disability and veteran status. All qualified applicants will receive consideration for employment without regard to sex, race, color, religion, national origin, disability, protected Veteran status, age, or any other characteristic protected by law.

If you need an accommodation or assistance in order to apply for a position with Thales, please contact us at talentacquisition@us.thalesgroup.com.

The reference Total Target Compensation (TTC) market range for this position, inclusive of annual base salary and the variable compensation target, is between

Total Target Cash (TTC) 98,337.00 - 163,895.00 USD Annual

This reflects how companies in a similar industry and geographic region generally pay for similar jobs. This range helps the Company make pay decisions as one data point among many. Where a position falls within this range is also dependent on other factors including – but not limited to – the employee’s career path history, competencies, skills and performance, as well as the company’s annual salary budget, the customer’s program requirements, and the company’s internal equity. Thales may offer additional benefits and other compensation, depending on circumstances not related to an applicant’s status protected by local, state, or federal law.

(For Internal candidate, if you need more information, please reach out to your HR Shared Service, 1st Point)

Thales provides an extensive benefits program for all full-time employees working 30 or more hours per week and their eligible dependents, including the following:

Elective Health, Dental, Vision, FSA/HSA, Voluntary Life and AD&D, Whole Group Life w/LTC, Critical Illness, Hospital Indemnity, Accident Insurance, Legal Plan, Identity Theft, and Pet Insurance
Retirement Savings Plan after 30 days of employment with a company contribution and a match, and with no vesting period
Company paid holidays and Paid Time Off
Company provided Life Insurance, AD&D, Disability, Employee Assistance Plan, and Well-being Program",""
"Hitachi","Senior Quality Engineer","2026-07-23","已投遞","","https://www.hitachienergy.com/careers/open-jobs/details/JID3-200876?source=LinkedIn","The Opportunity

Step into a role where quality drives everything. As a Senior Quality Engineer, you will play a key role in shaping and advancing quality standards across products and processes. This position offers the opportunity to lead impactful initiatives, influence cross-functional teams, and deliver measurable improvements that directly enhance customer satisfaction.

You will work at the intersection of engineering, manufacturing, and supply chain, ensuring quality is embedded throughout the entire product lifecycle—from concept to delivery. With access to advanced tools and methodologies, including Lean, Six Sigma, and data-driven analytics, you will help identify trends, prevent issues, and build sustainable solutions.

This is an exciting opportunity for someone who thrives on problem-solving, continuous improvement, and making a meaningful impact. You’ll have the autonomy to lead, the support to grow, and the platform to contribute to innovative energy solutions that power the future.

How you’ll make an impact

Lead development and maintenance of quality management systems aligned with ISO standards

Drive root cause analysis and corrective actions to resolve quality issues

Conduct internal and external audits to ensure compliance and improvement

Partner with cross-functional teams to integrate quality across the product lifecycle

Analyze data and metrics to identify trends and proactively address risks

Support new product introduction with strong quality planning

Lead training initiatives to strengthen quality awareness and capability

Investigate customer concerns and deliver timely, effective resolutions

Your Background

Bachelor’s degree in Engineering or a related technical field (Master’s preferred)

5+ years of quality engineering experience in manufacturing or assembly environments

Strong knowledge of quality systems such as ISO 9001 (IATF experience a plus)

Expertise in root cause analysis tools (8D, 5 Whys, Fishbone)

Experience with SPC, FMEA, and control plans

Certification in CQE or Six Sigma (Green/Black Belt) preferred

More About Us

Join a global leader advancing sustainable energy solutions and innovation

Grow your career through continuous learning, development, and advancement opportunities

Be part of a collaborative, inclusive culture focused on making a real-world impact

Responsible to ensure compliance with applicable external and internal regulations, procedures and guidelines.",""
"TORC Robotic","Engineering Manager - Engineering Quality Management","2026-07-23","已投遞","$160,800 - $193,000","https://job-boards.greenhouse.io/torcrobotics/jobs/8556378002?gh_src=b42ae2b92us","About the Company 

At Torc, we have always believed that autonomous vehicle technology will transform how we travel, move freight, and do business.

A leader in autonomous driving since 2007, Torc has spent over a decade commercializing our solutions with experienced partners. Now a part of the Daimler family, we are focused solely on developing software for automated trucks to transform how the world moves freight. 

Join us and catapult your career with the company that helped pioneer autonomous technology, and the first AV software company with the vision to partner directly with a truck manufacturer. 

Meet the team:    

The Release group plays a critical role in Torc’s product engineering and release lifecycle.  The Release group is responsible for ensuring safe and successful product delivery by working collaboratively across engineering divisions to sponsor and drive the release ecosystem.  The Release group includes Engineering Quality Management, Release Management, System Triage and System Verification and Validation teams.  This role is within the Engineering Quality Management (EQM) team where we provide quality assurance activities by preventing defects, improving processes, and applying standards throughout the development lifecycle.  We support the creation of release artifacts and end-to-end traceability of our digital thread through efficient use of lifecycle tooling 

What you’ll do:  

The Manager of EQM is responsible for people leadership of a team of Quality Assurance engineers that oversees the engineering team’s quality control and assurance processes.  This includes regular compliance audits to ensure compliance and detect gaps against Torc’s QMS system and safety, cybersecurity and regulatory standards.  

The people leader of EQM will drive strategic initiatives, mitigate risks, perform resource planning and performance management for direct reports. 

A successful candidate will have experience performing thought leadership, cross-function collaboration, and driving improvements for quality management systems to meet production goals.   A robust background in large-scale, safety-critical systems and/or software development processes within complex development systems is beneficial to guide company engineering procedures. 

Responsibilities 

Deliver through your team as well as collaborate across teams to provide practical and suitable quality management procedures for Torc’s autonomous driving product line. 

Support a rapid engineering development schedule for Torc’s self-driving system by completing root cause analysis activities and driving efficiency improvements back into the organization. 

Collaborate with Development teams, V&V teams and corporate quality management for planning, execution and delivery of quality assurance activities. 

Communicate and coordinate QMS processes, procedures and work instructions that cover development and testing activities for hardware, software, system and overall transportation eco-system.   

Sponsor and implement methods to inspect and evaluate engineering deliverables, with automation and data analytics to provide insight into the health of Torc’s QMS system. 

Facilitate regular audits and feedback to leadership, outlining findings and follow-up improvements.   

Facilitate QMS training materials for Torc employees. 

Identify and report on release artifacts included in the Product Development lifecycle including requirements, architecture, design, hardware, software, test and verification deliverables. 

Ensure the proper baseline identification of current and historical configuration items can be accurately determined throughout the product lifespan, perform periodic audits, and provide verification of configuration items release versioning.   

People leadership responsibilities include new hire selection, onboarding, goal setting, career pathing and professional development, employee team building and training, performance management, scheduling and assigning work, resource management and controlling expenses, and enforces systems, policies, and procedures.  Proactively manages employee relations and conflict while representing Torc’s core values  

Identify hiring needs, partner with People Operations and Talent Acquisition, and assist in the recruiting, screening, interviewing, selection, and hiring processes for talent across multidisciplinary teams.  Recommends salary increases, promotions, transfers, demotions, or terminations  

Accomplishes team objectives by supervising staff and organizing and monitoring work processes with the highest degree of quality and safety 

What you’ll need to succeed:    

Bachelor’s degree in computer science, computer engineering, or related technical field  

 10+ years experience for quality management of software/ hardware/ complex systems  

Experience managing a team of direct reports 

Experience with industry standards such as ISO 9001, ISO 26262, ISO 21448, ISO 21434. 

Strong problem-solving / analytical skills, attention to detail, and ability to learn in unstructured environments 

Strong communication and collaboration skills enabling a positive energy and work environment 

Ability to work in a fast-paced environment with evolving software/hardware infrastructure 

Experience delivering production systems from early prototype phases through product launch and in-field maintenance.   

Bonus Points!  

Experience testing autonomous vehicles, ROS based robotics systems or ADAS features 

Configuration management of safety-critical systems, understanding of systems engineering and verification, validation methodologies. 

Project management experience 

Work Location: For this position, we are open to hiring in Ann Arbor, MI, Blacksburg, VA, Fort Worth, TX office work locations in a hybrid capacity. We are also open to hiring Remote in the United States.

Perks of Being a Full-time Torc’r 

Torc cares about our team members and we strive to provide benefits and resources to support their health, work/life balance, and future. Our culture is collaborative, energetic, and team focused. Torc offers:   

A competitive compensation package that includes a bonus component and stock options
100% paid medical, dental, and vision premiums for full-time employees   
401K plan with a 6% employer matchFlexibility in schedule and generous paid vacation (available immediately after start date)Company-wide holiday office closures
AD+D and Life Insurance  
At Torc, we’re committed to building a diverse and inclusive workplace. We celebrate the uniqueness of our Torc’rs and do not discriminate based on race, religion, color, national origin, gender (including pregnancy, childbirth, or related medical conditions), sexual orientation, gender identity, gender expression, age, veteran status, or disabilities. 

Even if you don’t meet 100% of the qualifications listed for this opportunity, we encourage you to apply. 

Our compensation reflects the cost of labor across several geographic markets. Pay is based on a number of factors and may vary depending on job-related knowledge, skills, and experience. Torc's total compensation package will also include our corporate bonus and stock option plan. Dependent on the position offered, sign-on payments, relocation, and other forms of compensation may be provided as part of a total compensation package, in addition to a full range of medical, financial, and/or other benefits. 

Job ID: 102728

Hiring Range for Job Opening 
US Pay Range

$160,800 - $193,000 USD",""
"Penumbra, Inc.","Senior Quality Manufacturing Engineer - Metals (Medical Device)","2026-07-23","已投遞","$125,000 to $175,000","","General Summary

As a Senior Quality Engineer, you will support manufacturing operations and production lines for a range of medical devices. You will apply strong analytical and problem-solving skills to maintain process control, strengthen inspection and monitoring systems, and contribute to yield and quality improvements from early commercial ramp through mature production. This role requires strong independent judgment, technical depth, and the ability to evaluate, adapt, and apply standard engineering and quality practices to complex manufacturing challenges. You will plan and conduct work with independence, devise new approaches to problems, and contribute to the development, application, and continuous improvement of quality standards within Operations. Working closely with Manufacturing Engineering, Production, and Industrial Engineering to ensure quality is built into every stage of the manufacturing process.



Specific Duties and Responsibilities

•Provide Quality Engineering support for assigned products and production lines

•Act as a key quality partner to Production, Manufacturing Engineering, and Industrial Engineering

•Lead complex root cause investigations using structured problem solving tools (5 Why, Fishbone, DOE, regression analysis)

•Support monitoring of manufacturing quality performance, including yield, scrap, and process capability

•Champion and improve inspection strategies, including in process and final inspection, destructive testing, sampling plans, and acceptance criteria

•Lead continuous improvement of inspection systems, test methods, process monitoring, and digital quality tools

•Apply Lean and Six Sigma methodologies to reduce waste and improve process capability

•Execute quality system activities within Operations, including NCRs, MRB, CAPAs, control chart investigations, and effectiveness verification

•Conduct and maintain pFMEAs, ensuring risks are mitigated through appropriate controls and monitoring

•Support early commercial ramp-up, material or process changes, and site transfers



Position Qualifications

Minimum education and experience:

•Bachelor’s degree in Engineering (Biomedical, Mechanical, Materials, Chemical, or related discipline preferred)

•5+ years of experience in Quality Engineering or Manufacturing Engineering within the medical device industry

•Experience supporting manufacturing operations, process development, or NPI

•Working knowledge of FDA QSR and ISO 13485 in a manufacturing environment

•Strong data analysis, problem solving, and decision making skills



Preferred Experience: 

•CQE certification or related training

•Experience supporting high volume manufacturing and early commercial yield ramp

•Background in inspection systems, destructive testing, and statistical sampling methods

•Experience managing projects or coordinating cross functional project activities

•Experience with Measurement System Analysis (MSA) and Six Sigma Black Belt projects

•Experience collaborating with Production, Industrial Engineering, and Equipment Engineering teams

•Versatility, flexibility, and willingness to work within a dynamic environment



Working Conditions:

•General office, laboratory, and cleanroom environments.

•Business travel from 0% - 10%.

•Potential exposure to blood-borne pathogens.

•Requires some lifting and moving of up to 25 pounds.

•Must be able to move between buildings and floors.

•Must be able to remain stationary and use a computer or other standard office equipment, such as a printer or copy machine, for an extensive period of time each day.

•Must be able to read, prepare emails, and produce documents and spreadsheets.

•Must be able to move within the office and access file cabinets or supplies, as needed.

•Must be able to communicate and exchange accurate information with employees at all levels on a daily basis.



Location and Pay:

•Alameda, CA

•$125,000 to $175,000



What We Offer

• A collaborative teamwork environment where learning is constant, and performance is rewarded.

• The opportunity to be part of the team that is revolutionizing the treatment of some of the world's most devastating diseases.

• A generous benefits package for eligible employees that includes medical, dental, vision, life, AD&D, short and long-term disability insurance, 401(k) with employer match, paid parental leave, eleven paid company holidays per year, a minimum of fifteen days of accrued vacation per year, which increases with tenure, and paid sick time in compliance with applicable law(s).



Penumbra, Inc., headquartered in Alameda, California, is a global healthcare company focused on innovative therapies. Penumbra designs, develops, manufactures, and markets novel products and has a broad portfolio that addresses challenging medical conditions in markets with significant unmet need. Penumbra sells its products to hospitals and healthcare providers primarily through its direct sales organization in the United States, most of Europe, Canada, and Australia, and through distributors in select international markets. The Penumbra logo is a trademark of Penumbra, Inc.



Qualified applicants will receive consideration for employment without regard to race, color, religion, sex, national origin, sexual orientation, gender identity, age, disability, military or veteran status, or any other characteristic protected by federal, state, or local laws.



If you reside in the State of California, please also refer to Penumbra's Privacy Notice for California Residents.



For additional information on Penumbra’s commitment to being an equal opportunity employer, please see Penumbra's AAP Policy Statement.",""
"Zoox","System Test Engineer","2026-07-23","已投遞","","https://www.linkedin.com/jobs/view/4358400752/","Autonomous vehicles have some of the largest, most complex software ever shipped in a safety-critical environment. Solving that problem is one of the most exciting technical challenges of our lifetime.

Zoox is seeking a highly motivated System Test Engineer to be a technical contributor supporting the System Integration and Validation team. You will be leading the integration and validation of autonomy, cloud, and operational elements to ensure the product meets safety, customer needs, and milestone readiness. You will be responsible for designing and developing test efforts at the highest level of integration, including feature validation, functional, and regression testing, toward the successful execution and reporting of these efforts .

In This Role, You Will

Develop test plans and test cases that are abstracted to the highest level of integration
Focus on automating testing utilizing internal Hardware in the Loop (HIL) and Software in the Loop (SIL) assets
Review data, collect metrics, and provide quantitative evidence to report on milestone readiness
Analyze vehicle logs and test data using in-house tools to trace failures for root cause analysis, documentation, and communication
Support the defect management process from recognition to resolution

Qualifications

Bachelor’s or Master’s degree in Computer Science, Aerospace Engineering, Electrical Engineering, or STEM-related field
3+ years of industry experience in testing complex systems (integration of cloud tools, cloud and cloud networking, mobile applications, application UI, and operational workflows)
Experience with designing, developing, and executing test methodologies that scale across multiple teams
Strong software development experience with high-level language (e.g. Python, Pytest, REST API), along with version control systems (e.g Git) 
Integrated systems troubleshooting experience

Bonus Qualifications

Experience with Hardware in the Loop (HIL) and/or Software in the Loop (SIL)
Experience with issue reporting tools (e.g. Jira, Azure Dev Ops)
Experience with Linux and Unix based systems

$150,000 - $186,000 a year

Base Salary Range

There are three major components to compensation for this position: salary, Amazon Restricted Stock Units (RSUs), and Zoox Stock Appreciation Rights. A sign-on bonus may be offered as part of the compensation package. The listed range applies only to the base salary. Compensation will vary based on geographic location and level. Leveling, as well as positioning within a level, is determined by a range of factors, including, but not limited to, a candidate's relevant years of experience, domain knowledge, and interview performance. The salary range listed in this posting is representative of the range of levels Zoox is considering for this position.

Zoox also offers a comprehensive package of benefits, including paid time off (e.g. sick leave, vacation, bereavement), unpaid time off, Zoox Stock Appreciation Rights, Amazon RSUs, health insurance, long-term care insurance, long-term and short-term disability insurance, and life insurance.

About Zoox

Zoox is developing the first ground-up, fully autonomous vehicle fleet and the supporting ecosystem required to bring this technology to market. Sitting at the intersection of robotics, machine learning, and design, Zoox aims to provide the next generation of mobility-as-a-service in urban environments. We’re looking for top talent that shares our passion and wants to be part of a fast-moving and highly execution-oriented team.

Follow us on LinkedIn

Accommodations

If you need an accommodation to participate in the application or interview process please reach out to [email protected] or your assigned recruiter.

A Final Note

You do not need to match every listed expectation to apply for this position. Here at Zoox, we know that diverse perspectives foster the innovation we need to be successful, and we are committed to building a team that encompasses a variety of backgrounds, experiences, and skills.

We may use artificial intelligence (AI) tools to support parts of the hiring process, such as reviewing applications, analyzing resumes, or assessing responses and identifying potential inconsistencies or verification signals in application materials based on available information. These tools assist our recruitment team but do not replace human judgment. Final hiring decisions are ultimately made by humans. If you would like more information about how your data is processed, please contact us.",""
"Cowboy Space Corp.","Avionics Test Engineer","2026-07-23","已投遞","$110,000 - $150,000","https://jobs.ashbyhq.com/cowboyspace/38c89808-eae3-457b-86d9-6d782ad531ae?locationId=9ca84f54-5f2f-4e2f-aab3-4b964bfe030c","Cowboy Space Corp. is building the infrastructure to power and connect the orbital economy. Our satellites operate in Low Earth Orbit to collect sunlight and enable a new class of capabilities—from powering on-orbit compute, to transmitting energy via infrared lasers (space-to-earth and space-to-space), powering on-orbit compute to delivering secure, high-bandwidth optical data. By rethinking how energy and data are generated and distributed in space, we’re unlocking entirely new ways to operate both in orbit and on Earth.

Founded in 2024 by Baiju Bhatt (co-founder of Robinhood), Cowboy Space Corp. is backed by leading investors and built by a team from top aerospace and defense organizations. We’re moving quickly to solve complex technical challenges and build a new category of space infrastructure.

About the Role:

The Avionics Team is looking for an Avionics Test Engineer to lead the validation, integration, and qualification of spacecraft electronics at the board and system level. In this role, you will own the development of test systems and methodologies used to verify avionics hardware throughout the product lifecycle. You will work closely with electrical design, PCB layout, firmware, and manufacturing teams to ensure our boards meet performance, reliability, and mission requirements before deployment to space.

Responsibilities:

Develop and execute board-level test plans for avionics, power electronics, communications hardware, and compute systems

Design and build automated test equipment (ATE), hardware-in-the-loop (HITL), and custom test fixtures

Perform bring-up, validation, and troubleshooting of complex PCB assemblies

Develop test software, scripts, and automation frameworks to improve test coverage and manufacturing throughput

Characterize electrical performance including power integrity, signal integrity, timing, and functional behavior

Support root cause investigations, failure analysis, and corrective actions for hardware issues

Collaborate with electrical and firmware engineers to debug hardware and system-level problems

Support environmental qualification testing including thermal vacuum, EMI/EMC, and thermal cycling

Analyze test results and generate detailed reports to support design reviews and flight readiness assessments

Drive improvements in test infrastructure, manufacturing screening, and board-level reliability processes

Basic Qualifications:

Bachelor’s degree in Electrical Engineering, Computer Engineering, Physics, or related field

1-5+ years of experience testing and validating complex electronic hardware

Experience with board bring-up, debugging, and failure analysis of PCB assemblies

Experience using laboratory equipment such as oscilloscopes, logic analyzers, spectrum analyzers, power supplies, and electronic loads

Experience developing automated test systems using Python, LabVIEW, MATLAB, or similar tools

Strong understanding of digital electronics, analog circuits, power systems, and embedded hardware

Preferred Qualifications:

Experience testing aerospace, satellite, defense, or other high-reliability electronic systems

Experience with HITL testing, manufacturing test systems, and automated validation frameworks

Familiarity with common digital interfaces such as Ethernet, PCIe, DDR, SPI, I2C, UART, and CAN

Experience supporting FPGA, embedded, and mixed-signal hardware platforms

Experience with environmental qualification testing including thermal vacuum, EMI/EMC, and thermal cycling

Familiarity with IPC standards and electronics manufacturing processes

Experience working in fast-paced startup environments

Familiarity with radiation test campaigns for electronics

Compensation and Benefits:

The salary range for this position is $110,000 - $150,000 annually. The actual base salary offered will depend on factors such as job-related skills, experience, qualifications, and internal equity.

Equity in Cowboy Space Corp.

Employees and their eligible dependents may enroll in medical, dental, and vision insurance

401(k) retirement savings plan

Paid time off

10 paid holidays per calendar year

Paid parental leave

Relocation assistance if applicable

Daily lunch in the office and a fully stocked kitchen with beverages and snacks

ITAR Requirements

Export Control Requirement: To conform to U.S. Government space technology export regulations, including the International Traffic in Arms Regulations (ITAR), applicants must be a U.S. citizen, lawful permanent resident of the U.S., protected individual as defined by 8 U.S.C. 1324b(a)(3), or eligible to obtain the required authorizations from the U.S. Department of State. Learn more about ITAR here.

Disclaimer

This job description is a summary of the primary duties and responsibilities of the job and position. It is not intended to be a comprehensive or all-inclusive listing of duties and responsibilities. Contents are subject to change at Cowboy Space Corp.’s discretion.

Cowboy Space Corp. is an equal employment opportunity employer. We consider individuals for employment or promotion according to their skills, abilities and experience. Cowboy Space Corp. is committed to complying with all applicable laws prohibiting discrimination based on race, color, religious creed, age, national origin, ancestry, physical, mental or developmental disability, sex (which includes pregnancy, childbirth, breastfeeding and medical conditions relating to pregnancy, childbirth or breastfeeding), veteran status, military status, marital or registered domestic partnership status, medical condition (including cancer or genetic characteristics), genetic information, gender, gender identity, gender expression, sexual orientation, as well as any other category protected by federal, state or local laws.",""
"Speak","Lead Product Analyst","2026-07-23","已投遞","$160K – $217K","https://jobs.ashbyhq.com/speak/237962a4-fba1-4fd8-9e43-1dfc26490213?locationId=c9611b7c-658d-4be8-bb98-70fdee4a8934&utm_source=linkedinpaid","About us
Our mission is to reinvent the way people learn, starting with language.

Learning a language can change a life by opening doors to new cultures, careers, and communities. Two billion people around the world are actively trying to learn a language, but the best way to learn (one-on-one tutoring) is hard to access at scale and hasn’t been meaningfully improved in decades. Speak is building a human-level, AI-powered tutor in your pocket: a conversation-first experience that lets learners actually speak, get instant feedback, and progress through carefully designed lessons. The result is a complete path from beginner to confident speaker across multiple languages.

Speak first launched in South Korea in 2019, where Speak has now become the number one language learning app, and we now serve learners across many markets and 15+ languages. Speak is one of the world’s leading AI companies, with over $150m raised in venture investment from OpenAI, Accel, Founders Fund, Khosla Ventures, and more, with a distributed team across San Francisco, Seoul, Tokyo, Taipei, and Ljubljana.

About this role
Speak is looking for a person who is passionate about and fully dedicated to learning about how users engage with our apps. This individual will be critical for helping create hypotheses and finding insights that allow the team to build a better product and grow the business. Our fourth product analytics hire will grow our data-driven culture at Speak by empowering team members to use data in their respective roles. In this role, you will own specific verticals within analytics and testing infrastructure and be a key thought partner to leadership and the whole product development organization.

What you’ll be doing
Drive product strategy by proposing and conducting quantitative research into key user behaviors and trends, in partnership with product managers, engineers, designers, and other team members

Design new features and inform the product roadmap through analysis, e.g., help define metrics for every stage of the user journey (onboarding, conversion, engagement, retention)

Build and maintain core company data events and tables

Build and maintain company-level product and business dashboards

Design and analyze A/B tests, market-based tests, etc. and conduct other forms of causal inference to help us rigorously learn about our users

Inform future experimentation design and roadmaps by performing exploratory analysis to understand user engagement behavior and derive insights

What we’re looking for
5-10 years of experience using analytics to drive key product business decisions

Significant experience with SQL

Hands-on experience applying AI/LLM tools to analytical tasks such as data synthesis, hypothesis generation, and productivity acceleration

Deep understanding of statistical analysis, experimentation design, and common analytical techniques like regression and decision trees

Solid background in running multivariate product experiments to optimize a product or revenue flow

Proven track record of working autonomously and proactively engaging with business stakeholders

Why work at Speak
Join a fantastic, tight-knit team at the right time: we're growing very quickly, we've most recently raised our Series C from some of the top investors in the valley, and we've achieved product-market fit in our initial markets. You'd join at a magical time when a single person could significantly change the course of the company.

Do your life's work with people you’ll love working with: we care strongly about our craft and want every person at Speak to feel like they're growing every day. We believe in the idea that working with people you both enjoy and have respect for makes everything better. We hire thoughtfully and only work with people we admire deeply.

Global in nature: We're live in over 40 countries and launching in a number of new markets soon. We have dedicated offices in San Francisco, Ljubljana, Seoul, and Tokyo, and you’ll have the opportunity to talk to users in each of these regions on a regular basis as well as travel.

Impact people's lives in a major way: Learning a language is one of the single most life-changing skills one can learn, and right now 99% of people never achieve their goal because the process is broken. We’re helping millions of people achieve their goals and improve their lives.

Speak does not discriminate based upon race, religion, color, national origin, gender (including pregnancy, childbirth, or related medical conditions), sexual orientation, gender identity, gender expression, age, status as a protected veteran, status as an individual with a disability, or other applicable legally protected characteristics.",""
"Red Oak Technologies","Senior Quality Engineer","2026-07-23","已投遞","$150-170K","https://www.linkedin.com/jobs/view/4434683767/","About the job
Title: Sr. Quality Engineer

Position: On site Full time position in San Francisco

Base Salary: $150-170K





The Quality Engineer will be a key contributor in driving world-class quality throughout the entire product lifecycle of our cutting-edge lidar sensors, from initial design to mass production and customer use. This role will focus on ensuring the quality, reliability, and manufacturability of our electromechanical, optical, and software-enabled systems in a high-volume manufacturing environment.



Essential Duties and Responsibilities



Process Quality & Improvement:

Develop, implement, and maintain the Quality Management System (QMS) processes (e.g., ISO 9001/IATF 16949 compliance) specifically for the manufacturing of lidar sensors.

Lead the application of Advanced Quality Planning and Production Part Approval Process (PPAP) methodologies for new product introductions (NPI) and engineering changes.

Utilize Statistical Process Control (SPC) and capability analysis to monitor and control critical process parameters in manufacturing and test environments.



Failure Analysis & Corrective Action (CAPA):

Lead and document Root Cause Analysis (RCA) for internal non-conformances and external customer returns using industry-standard tools (e.g., 8D, 5 Whys, Fishbone diagrams).

Drive the implementation of effective Corrective and Preventive Actions (CAPA) to eliminate recurrence of quality issues across design, manufacturing, and supply chain.



Design & Product Quality:

Work with Design and R&D teams to implement Design for Quality/Manufacturability (DFQ/DFM) best practices.

Facilitate Failure Modes and Effects Analysis (FMEA), including Design FMEA (DFMEA) and Process FMEA (PFMEA).

Define and review product quality inspection plans, test procedures, and specifications for complex opto-mechanical and electronic components.



Supplier Relationship Management:

Build and maintain a strong working relationship with the contract manufacturer, acting as the primary point of contact for all quality-related matters. Facilitate communication and collaboration to resolve quality issues swiftly and effectively.



Supplier Quality:

Support Supplier Quality Engineering activities, including component qualification, supplier audits, and monitoring supplier quality performance.

Ensure incoming materials meet specifications through robust inspection plans (e.g., Gage R&R studies).



Reporting & Metrics:

Generate and present quality metrics, defect trends, and analysis reports to management and cross-functional teams.



Training and Development:

Provide training and guidance to contract manufacturer personnel on quality standards, inspection techniques, and best practices to foster a culture of quality and continuous improvement.

Train production and engineering staff on quality standards, procedures, and tools.



Required Skills & Experience:

Minimum Bachelor's degree in Electrical Engineering, Mechanical Engineering, Industrial Engineering, Physics, or a related technical field.

8+ years of experience as a Quality Engineer or Manufacturing Engineer in a high-tech hardware industry (e.g., sensors, optical components, automotive electronics, complex electromechanical devices).

Proven proficiency with core quality tools: SPC, FMEA (DFMEA/PFMEA), 8D/CAPA, and Gage R&R.

In-depth knowledge of ISO 9001 and/or IATF 16949 quality management systems.

Experience in a production environment involving optics, lasers, or highly precise mechanical assemblies is highly desirable.

Strong analytical skills, with the ability to interpret engineering drawings, schematics, and geometric dimensioning and tolerancing (GD&T).

Excellent written and verbal communication skills, with the ability to lead technical problem-solving discussions across various departments.



Preferred Qualifications

ASQ Certification (e.g., CQE, CSSBB).

Experience with lidar, camera, or other high-resolution sensor technology.

Proficiency in statistical software (e.g., JMP, Minitab) and data visualization tools (e.g., Tableau).

Experience in the scale-up from pilot production to high-volume manufacturing (HVM).

Familiarity with environmental and reliability testing standards (e.g., shock, vibration, thermal cycling).",""
"Siemens","Supplier Quality Manager","2026-07-23","遺憾信","$129,251 - $165,240","https://jobs.siemens.com/en_US/externaljobs/JobDetail/510350","Employer:      Siemens Mobility Inc.

Job Title:        Supplier Quality Manager [MULTIPLE POSITIONS]

Job Location:              New York, NY and various unanticipated locations throughout U.S.

Job Type:       Full Time

Rate of Pay:    The salary range for this position in New York, NY is $129,251 - $165,240 per year and this role may be eligible to earn incentive compensation. Siemens offers a variety of health and wellness benefits to employees. Details regarding our benefits can be found here: www.benefitsquickstart.com. In addition, this position is eligible for time off in accordance with Company policies, including paid sick leave, paid parental leave, PTO (for non-exempt employees) or non-accrued flexible vacation (for exempt employees).

Duties: Work with cross functional departments including production, engineering, projects management and logistics for fast resolution of the supplier issues; Evaluate supplier’s systems, products, components, and applications against technical and quality requirements; Apply preventive quality methods aimed at risk minimization; Design, maintain and improve specific Quality requirements, specifications and concepts based on supplier categorization; Strategically lead supplier performance improvement projects to increase the supplier capability of consistently meeting Siemens requirements; Develop methods for inspection, testing, sampling, and training; Prepare product reports by collecting, analyzing, and summarizing information and trends; Initiate action to prevent the occurrence of any non-conformities relating to product, process, and quality systems. Telecommuting and/or working from home is permissible. 25% domestic travel and 5% international travel required. [Remote role.]


Requirements: Employer will accept a Bachelor's degree, or foreign equivalent, in Mechanical Engineering or related field and 60 months of experience in the job offered or in a Supplier Quality -related occupation.

Position requires experience in the following:

Working with mechanical components testing methods and PPAP techniques for Rail Transit products.

Working with electrical components testing methods and PPAP techniques for Rail Transit products.

Working Knowledge of Lean Manufacturing and process capability analysis.

Working with FMEA, APQP, QFD, DVPR, SPC, DOE, ANOVA, RCA, Kaizen, Kanban, Value stream mapping, Cellular manufacturing and single piece flow techniques.

2 years of experience working with Honeycomb panel lamination & bonding.

Referral Program: Incentives offered through the Company’s Employee Referral Program are applicable to this position.

CONTACT : Click on Apply button in this posting



#LI-DNI
Equal Employment Opportunity Statement
Siemens is an Equal Opportunity Employer encouraging inclusion in the workplace. All qualified applicants will receive consideration for employment without regard to their race, color, creed, religion, national origin, citizenship status, ancestry, sex, age, physical or mental disability unrelated to ability, marital status, family responsibilities, pregnancy, genetic information, sexual orientation, gender expression, gender identity, transgender, sex stereotyping, order of protection status, protected veteran or military status, or an unfavorable discharge from military service, and other categories protected by federal, state or local law. 


EEO is the Law
Applicants and employees are protected from discrimination on the basis of race, color, religion, sex, national origin, or any characteristic protected by Federal or other applicable law. 


Reasonable Accommodations
If you require a reasonable accommodation in completing a job application, interviewing, completing any pre-employment testing, or otherwise participating in the employee selection process, please fill out the accommodations form by clicking on this link Accommodation for disability form. If you’re unable to complete the form, you can reach out to our AskHR team for support at 1-866-743-6367. Please note our AskHR representatives do not have visibility of application or interview status.


Pay Transparency
Siemens follows Pay Transparency laws. 


California Privacy Notice
California residents have the right to receive additional notices about their personal information. To learn more, click here.


Criminal History
Qualified applications with arrest or conviction records will be considered for employment in accordance with applicable local and state laws.",""
"Torc Robotic","Systems Engineer I - Test Automation","2026-06-29","已投遞","$98,800 - $118,600 USD","https://job-boards.greenhouse.io/torcrobotics/jobs/8554813002","About the Company 

At Torc, we have always believed that autonomous vehicle technology will transform how we travel, move freight, and do business. 
A leader in autonomous driving since 2007, Torc has spent over a decade commercializing our solutions with experienced partners. Now a part of the Daimler family, we are focused solely on developing software for automated trucks to transform how the world moves freight. 
Join us and catapult your career with the company that helped pioneer autonomous technology, and the first AV software company with the vision to partner directly with a truck manufacturer. 

Meet the Team 

Torc is developing Level 4 autonomous semi-truck software to transform how freight moves across the world. As a Software Engineer I on the Test Automation team, you will support the development of automated validation systems used to verify software releases across embedded and autonomy platforms using Hardware-in-the-Loop (HIL) systems. 

This team focuses on validating software early in the development lifecycle by building scalable automation frameworks and validation infrastructure that improve release quality and system reliability before deployment onto vehicles. In this role, you will work closely with senior engineers and cross-functional teams to support automated testing workflows, debug issues across hardware and software systems, and contribute to the continuous improvement of Torc’s validation infrastructure. 

Your work will directly contribute to the safety, reliability, and scalability of Torc’s autonomous driving platform.

What You’ll Do 

Contribute to the development and maintenance of automated test frameworks for component-level validation using HIL systems  
Develop Python-based tooling supporting test automation, validation workflows, and data analysis  
Support execution and monitoring of automated software validation across embedded and autonomy subsystems  
Assist in analyzing test failures, debugging issues, and investigating root causes across hardware and software components  
Collaborate with systems, embedded, and autonomy teams to support validation strategies and improve test coverage  
Help maintain scalable test infrastructure and CI-based validation workflows  
Support integration and verification activities involving sensors, compute platforms, and control systems  
Participate in test planning, automation improvements, and validation activities across the software development lifecycle  
What You’ll Need to Succeed 

Bachelor’s degree in Computer Science, Software Engineering, Computer Engineering, Robotics, Electrical Engineering, Systems Engineering, or related technical field plus 0–4 years of relevant experience, OR Master’s degree in a related technical field  
Strong programming experience in Python  
Familiarity with software development workflows including version control, build systems, or CI/CD environments  
Basic understanding of embedded systems, robotics systems, or hardware/software integration concepts  
Ability to analyze logs, debug issues, and troubleshoot software or system-level problems  
Strong problem-solving skills and ability to work collaboratively in a fast-paced team environment  
Strong communication skills and willingness to learn in an evolving technical environment  
Bonus Points 

Exposure to HIL systems, embedded platforms, or automated testing environments  
Experience working with robotics, autonomous systems, or ADAS technologies  
Familiarity with containers, automation frameworks, or validation infrastructure  
Exposure to real-time or safety-critical systems  
Experience with data analysis, telemetry analysis, or system debugging workflows  
Familiarity with systems engineering principles or structured validation methodologies 
Perks of Being a Full-time Torc’r 
Torc cares about our team members and we strive to provide benefits and resources to support their health, work/life balance, and future. Our culture is collaborative, energetic, and team focused. Torc offers:    
 

A competitive compensation package that includes a bonus component and stock options 
100% paid medical, dental, and vision premiums for full-time employees 
401K plan with a 6% employer match 
Flexibility in schedule and generous paid vacation (available immediately after start date) 
AD+D and Life Insurance 
At Torc, we’re committed to building a diverse and inclusive workplace. We celebrate the uniqueness of our Torc’rs and do not discriminate based on race, religion, color, national origin, gender (including pregnancy, childbirth, or related medical conditions), sexual orientation, gender identity, gender expression, age, veteran status, or disabilities. 
Even if you don’t meet 100% of the qualifications listed for this opportunity, we encourage you to apply. 

Our compensation reflects the cost of labor across several geographic markets. Pay is based on a number of factors and may vary depending on job-related knowledge, skills, and experience. Torc's total compensation package will also include our corporate bonus and stock option plan. Dependent on the position offered, sign-on payments, relocation, and other forms of compensation may be provided as part of a total compensation package, in addition to a full range of medical, financial, and/or other benefits.

Hiring Range for Job Opening  

US Pay Range 

$98,800 - $118,600 USD 

Job ID: 102726",""
"Aurora Innovation","Staff NPI Test Engineer","2026-06-30","遺憾信","$181,000 - $262,000","https://aurora.tech/careers/8459162002?gh_src=b6049de52us","Who we are

Aurora’s mission is to deliver the benefits of self-driving technology safely, quickly, and broadly.


The Aurora Driver will create a new era in mobility and logistics, one that will bring a safer, more efficient, and more accessible future to everyone.

 

At Aurora, you will tackle massively complex problems alongside other passionate, intelligent individuals, growing as an expert while expanding your knowledge. For the latest news from Aurora, visit aurora.tech or follow us on LinkedIn.

 

Aurora hires talented people with diverse backgrounds who are ready to help build a transportation ecosystem that will make our roads safer, get crucial goods where they need to go, and make mobility more efficient and accessible for all. We’re searching for a Staff NPI Test Engineer.

The primary objective of this role is to support manufacturing from a test and automation perspective in the production of the Aurora’s HW and delivering the benefits of self-driving technology safely, quickly, and broadly. A successful candidate is data-driven, excels at complex problem solving, has a strong engineering background with software and hardware skills, product focused mindset, and can lead cross-functional efforts.

In this role you will

Support and debug software tools used in manufacturing tests and provisioning.
Closely collaborate with manufacturing and engineering teams to harden and optimize automated manufacturing test procedures.
Data management and analysis to track production test performance metrics, prioritize top issues, and drive continuous improvement activities with cross-functional teams.
Provides technical test support to all local manufacturing areas, locations, and customers as needed.
Required Qualifications

B.S. in Computer Science, Electrical Engineering, Mechanical Engineering, a related field, or equivalent combination of education and experience.
Experience in data collection with electronic test equipment and data-acquisition systems.
Prior verification, validation, and testing experience with emphasis on debugging skills.
Excellent written and verbal communication of test status and results, including writing formal test reports/records.
Experience in manufacturing test development and sustaining efforts at scale
Ability to read design drawings/wiring schematics.
Excellent analytical abilities, technical writing ability, and a comprehensive understanding of problem-solving.
Experience programming in Python is required.
Experience with Linux operating systems.
Experience with Google Suite, JIRA, JAMA, and GIT.
Ability to work in a fast-paced team environment.
International travel to CM for on-site bring-up and support.
Desirable Qualifications

M.S. in Electrical Engineering, Computer Science, Mechanical Engineering (with mechatronics experience), a related field, or equivalent combination of education and experience.
Experience with data aggregation.
Familiarity with FMCW LiDAR and/or RF transceivers.
Experience with optical system prototyping and characterization.
Experience in modern automotive electronics and diagnostic procedures.
The base salary range for this position is $181,000 - $262,000 per year. Aurora’s pay ranges are determined by role, level, and location. Within the range, the successful candidate’s starting base pay will be determined based on factors including job-related skills, experience, qualifications, relevant education or training, and market conditions. These ranges may be modified in the future. The successful candidate will also be eligible for an annual bonus, equity compensation, and benefits.

#Mid-Senior

Working at Aurora
At Aurora, we bring together extraordinarily talented and experienced people united by the strength of our values. We operate with integrity, set outrageous goals, and build a culture where we win together — all without any jerks.

We believe in-person work increases collaboration, empathy and our ability to lead effectively. As a result, we operate in a hybrid work environment where Aurorans are in office at least 3 days per week.

Our Careers page provides insight into what it is like to work at Aurora, and you can find all the latest updates in our Newsroom.

Our commitment to safety

At the core of everything we do is our commitment to safety. Building best-in-class self-driving technology will take time, and we believe that each employee at Aurora has a role in contributing to safety, every step of the way. Aurora expects commitment to our safety policies from every employee, and seeks candidates who take an active responsibility, can contribute to building an atmosphere of trust, and invest in the organization’s long-term success by prioritizing working safely, no matter what.

Our commitment to inclusion

Aurora considers candidates without regard to their race, color, religion, national origin, age, sex, gender, gender identity, gender expression, sexual orientation, marital status, pregnancy status, parent or caregiver status, ancestry, political affiliation, veteran and/or military status, physical or mental disability, or any other status protected by federal or state law. Aurora considers qualified applicants with criminal histories, consistent with applicable federal, state, and local law. We are also committed to providing reasonable accommodations for qualified individuals with disabilities and disabled veterans in our job application procedures. If you need assistance or an accommodation due to a disability, you may contact us at careersiteaccommodations@aurora.tech. 

For California applicants, information collected and processed as part of your application and any job applications you choose to submit is subject to Aurora’s California Employment Privacy Policy.",""
"Wayve","Vehicle Validation Engineer","2026-06-30","已投遞","","https://wayve.firststage.co/jobs/DVIyuAxTOY/view?source=linkedin.com","About us   
Founded in 2017, Wayve is the leading developer of Embodied AI technology.  Our advanced AI software and foundation models enable vehicles to perceive, understand, and navigate any complex environment, enhancing the usability and safety of automated driving systems.

Our vision is to create autonomy that propels the world forward.  Our intelligent, mapless, and hardware-agnostic AI products are designed for automakers, accelerating the transition from assisted to automated driving. 

In our fast-paced environment big problems ignite us—we embrace uncertainty, leaning into complex challenges to unlock groundbreaking solutions. We aim high and stay humble in our pursuit of excellence, constantly learning and evolving as we pave the way for a smarter, safer future.

At Wayve, your contributions matter.  We value diversity, embrace new perspectives, and foster an inclusive work environment; we back each other to deliver impact.  

Make Wayve the experience that defines your career!  

The Role
As a Vehicle Validation Engineer at Wayve, you’ll play a key role in enabling the real-world deployment of our end-to-end AI driving systems. You’ll ensure our vehicles are ready for testing and that test activities deliver high-quality, reliable data to accelerate development.

Joining at an early stage, you’ll help shape how we test and operate autonomous vehicles at scale—developing validation approaches, improving systems, and working closely with engineering, product, and operations teams to push the boundaries of what’s possible.

Beyond test execution, you’ll contribute to how vehicle performance is evaluated and communicated, helping provide meaningful feedback on system behaviour, performance gaps, and real-world driving quality from a customer perspective.

Key responsibilities:

Plan and execute vehicle tests to support development, validation, benchmarking, and real-world deployment.
Develop and improve vehicle validation test concepts to evaluate system performance across a range of real-world scenarios.
Work closely with engineering, product, and operations teams to translate testing needs into effective test activities.
Ensure vehicles are prepared, maintained, and consistently ready for safe and efficient testing.
Deliver high-quality test data, performance reporting, and actionable insights to support rapid iteration and decision-making.
Provide detailed feedback on vehicle behaviour, driving performance, and system gaps from both technical and customer perspectives.
Conduct benchmarking activities to evaluate system performance and track progress over time.
Develop and improve testing processes, documentation, and operational best practices as the team scales.
Manage relationships with external suppliers and service partners.
About you
You’re a hands-on engineer who thrives in fast-moving environments and enjoys working at the intersection of hardware, software, and real-world systems. You take ownership, focus on outcomes, and look for ways to continuously improve how things are done.

Essential Skills & Experience

Experience with CANalyzer, CANoe, or similar tools for vehicle diagnostics, along with vehicle instrumentation and data logging tools (e.g. Vector, ETAS, Racelogic).
Experience executing structured vehicle tests in proving ground and/or real-world environments.
Comfortable working across Linux, Windows, and SSH-based environments.
Ability to interpret technical requirements and translate them into clear test cases and validation plans.
Strong communication skills, with the ability to work effectively across engineering, product, and operations teams.
Proactive, hands-on approach with a focus on improving processes, tools, and ways of working.
Understanding of safe testing practices and risk assessments in safety-critical environments.
Ability to analyse test data and deliver clear, actionable insights to engineering teams.
Desirable Skills & Experience

Experience working with autonomous vehicle or ADAS systems.
Familiarity with scripting or data tools (e.g. Python, MATLAB) for analysis or automation.
Understanding of vehicle networks (CAN, LIN, Ethernet) and diagnostic protocols.
Exposure to simulation or test environments (e.g. HiL, SiL).
Awareness of automotive safety standards or regulatory frameworks (e.g. ISO 26262).
This role is a full-time role based in Sunnyvale, CA (hybrid) and the reasonably estimated salary for this role ranges from $122,900 to $163,800, plus a competitive equity package. Actual compensation is based on the candidate's skills, qualifications, and experience. At Wayve we want the best of all worlds so we operate a hybrid working policy that combines time together in our offices and workshops to fuel innovation, culture, relationships and learning, and time spent working from home.   

Wayve is committed to creating an inclusive interview experience. If you require any accommodations or adjustments to participate fully in our interview process, please let us know.

We understand that everyone has a unique set of skills and experiences and that not everyone will meet all of the requirements listed above. If you’re passionate about self-driving cars and think you have what it takes to make a positive impact on the world, we encourage you to apply.

At Wayve we're committed to creating a diverse, fair and respectful culture that is inclusive of everyone based on their unique skills and perspectives, and regardless of sex, race, religion or belief, ethnic or national origin, disability, age, citizenship, marital, domestic or civil partnership status, sexual orientation, gender identity, veteran status, pregnancy or related condition  (including breastfeeding) or any other basis as protected by applicable law.  

For more information visit Careers at Wayve. 

To learn more about what drives us, visit Values at Wayve 

For US candidates only, please visit E-Verify Notice and Participation and Right to Work

DISCLAIMER: We will not ask about marriage or pregnancy, care responsibilities or disabilities in any of our job adverts or interviews. However, we do look to capture information about care responsibilities, and disabilities among other diversity information as part of an optional DEI Monitoring form to help us identify areas of improvement in our hiring process and ensure that the process is inclusive and non-discriminatory.",""
"Pronto AI","Robotics Test Engineer","2026-06-30","已投遞","$298,000 - $376,000","https://job-boards.greenhouse.io/pronto/jobs/8583040002?gh_src=Ti9dOU","Who we are

Pronto AI is a global leader in commercializing autonomous vehicle (AV) technology, deploying Autonomous Haulage Systems (AHS) that automate operations in mines, quarries, and construction sites worldwide. While much of the industry remains in R&D, we deliver real, production-ready autonomy that is already operating in the field.

We are on a mission to make mining operations safer, smarter, and more efficient through cutting-edge technology, and we are building toward becoming the world’s first profitable AV technology company.

 

What you’ll do


Test Platform & Infrastructure — Design and build the core test infrastructure: harnesses, fixtures, runners, orchestration, and test artifact management for our ZMQ/Cap'n Proto middleware stack
Simulation-Based Testing — Build the simulation infrastructure that lets us run autonomy software against virtual scenarios, with deterministic playback and meaningful coverage of real-world conditions
CI/CD for Robotics — Build and maintain the testing pipeline that gates code changes — unit, integration, simulation, and replay-based regression — and integrate it cleanly into the developer workflow
Log Replay & Recorded Scenario Testing — Build infrastructure that converts production logs into reproducible test cases the QA Engineer can curate and the dev team can run
 

What we’re looking for

3+ years of software engineering experience, with significant work on testing infrastructure, developer tools, or distributed systems
Strong Python — you'll write substantial code, much of it touching production-adjacent infrastructure
Experience designing and building automation pipelines (CI/CD, test orchestration, build systems)
Deep familiarity with at least one large-scale software platform — comfortable thinking in terms of APIs, abstractions, and platform usability
Excellent debugging and systems thinking — you'll be reasoning about failures across simulation, networking, serialization, and CI infrastructure
Comfort building greenfield — much of what you'll work on does not exist today
Preferred Qualifications

Experience with robotics, autonomous vehicles, or other safety-critical systems
Hands-on experience with simulation environments (Gazebo, CARLA, Isaac Sim, or proprietary)
Familiarity with pub/sub messaging systems (ZMQ, ROS, DDS) and binary serialization formats (Cap'n Proto, Protobuf)
C++ familiarity — enough to read and integrate against the autonomy stack
Cloud infrastructure experience for parallel test execution (AWS/GCP, Kubernetes)
Experience with hardware-in-the-loop testing or real-time systems
Performance engineering background — you've debugged and optimized slow CI/test pipelines before
Technical Environment

Languages: Python
Test Frameworks: pytest, simulation-based
Infrastructure: Docker, GitHub Actions, cloud compute for simulation
Communication/Documentation: Slack, Notion
Example Projects

Build a simulation harness that runs the full autonomy stack against parameterized mining scenarios in cloud-based parallel execution
Design a log-to-test-case pipeline that ingests a production log fragment and produces a deterministic replay test the QA Engineer can add to a regression suite
Build a test platform dashboard that surfaces flaky tests, slow tests, and coverage gaps to the QA Engineer and developer lead
 

Why join us 

Work on real, production-deployed autonomy.
Build technology that directly improves safety, efficiency, and productivity.
Tackle complex challenges in demanding, real-world environments.
Be part of a fast-moving team with high ownership and impact.
See your work deployed and making a difference in the field.
Collaborate closely with experienced engineers and industry operators.
 

What else you need to know 


This role is based in our San Francisco office location. As a company driven by innovation and continuous change, close collaboration is essential. We’re constantly reimagining our industry, creating new products, and refining our processes, and we do our best work together. That’s why all of our office-based teams work onsite, five days a week.

The base salary range for this role is $298,000 - $376,000 per year.

Actual compensation will be determined on an individual basis and may vary depending on experience, skills, and qualifications.

Base salary is just one part of your total rewards package. You may also be eligible for equity awards and an annual performance-based bonus.

Benefits Summary (USA Full-Time Exempt Employees):

Medical, Dental, Vision, Disability, and Life Insurance
Flexible Spending Account / Health Savings Account Options
401(k)
Equity
Sick Time, Unlimited Flexible Time Off, and Paid Holidays
Paid Parental Leave 
Pre-Tax Commuter Benefit Plan
Team lunch in our SoMa office every Tuesday and Thursday
Benefits are subject to change at the company's discretion.
Pronto accepts applications on an ongoing basis.",""
"Waymo","Field Quality Engineer","2026-06-30","遺憾信","$177,000—$218,000 USD","https://careers.withwaymo.com/jobs/field-quality-engineer-mountain-view-california-united-states?gh_jid=7964147&gh_src=e2a2625d1us#apply","Waymo is an autonomous driving technology company with the mission to be the world's most trusted driver. Since its start as the Google Self-Driving Car Project in 2009, Waymo has focused on building the Waymo Driver—The World's Most Experienced Driver™—to improve access to mobility while saving thousands of lives now lost to traffic crashes. The Waymo Driver powers Waymo’s fully autonomous ride-hail service and can also be applied to a range of vehicle platforms and product use cases. The Waymo Driver has provided over ten million rider-only trips, enabled by its experience autonomously driving over 100 million miles on public roads and tens of billions in simulation across 15+ U.S. states.

Hardware Engineering is an innovative and collaborative group of electrical, mechanical, reliability, software and vehicle engineers. We design, build, and perfect the products which are the eyes and ears of Waymo's autonomous driving technology, and integrate those products into vehicle platforms. We're seeking curious and talented teammates to keep us moving in the right direction.

This role follows a hybrid work schedule and reports to the hardware field quality lead.

You will:

Champion field quality initiatives, collaborating with Engineering, Manufacturing, Supply Chain, Software, and Operations teams to enhance product quality and reliability throughout the product lifecycle.
Analyze fleet data to proactively identify emerging quality trends and systemic risks.
Lead cross-functional root cause analysis, containment, and resolution for complex field issues, ensuring corrective actions prevent recurrence.
Develop scalable field quality processes, tools, and automation to effectively identify, triage, and mitigate field failures.
Define quality coverage requirements and implement validation methods to ensure corrective actions are effective in the field.
Establish a structured feedback system where data and lessons learned continuously improve designs, diagnostics, and operational playbooks.
You have:

A Bachelor’s degree in an Engineering discipline.
5+ years of experience in electro-mechanical product development.
5+ years of experience in a quality, reliability, or similar engineering role.
5+ years of experience in data analysis, reporting, and dashboard creation using tools such as Python, SQL, JMP, or Tableau.
Strong knowledge and practical application of core quality and reliability methodologies and tools (e.g., 8D DMAIC, Kepner-Tragoe, FMEA, MSA, SPC, DOE). non highlighted- other problem solving tools
Proven ability to lead cross-functional teams, coupled with excellent communication and problem-solving skills.
We prefer:

A Master’s degree or higher in an Engineering discipline.
Experience in the automotive, robotics, or similar complex systems industry.
Advanced experience with statistical modeling and large-scale data analysis tools (e.g., Tableau, JMP, PLX).
Deep understanding of hardware/software interactions, embedded systems, and diagnostics.
Familiarity with advanced reliability analysis techniques (e.g., Weibull analysis, Nevada charting).
The expected base salary range for this full-time position across US locations is listed below. Actual starting pay will be based on job-related factors, including exact work location, experience, relevant training and education, and skill level. Your recruiter can share more about the specific salary range for the role location or, if the role can be performed remote, the specific salary range for your preferred location, during the hiring process. 

Waymo employees are also eligible to participate in Waymo’s discretionary annual bonus program, equity incentive plan, and generous Company benefits program, subject to eligibility requirements. 

Salary Range
$177,000—$218,000 USD
We appreciate your interest in Waymo. Waymo is proud to be an equal opportunity employer, committed to creating a culture of belonging and maintaining a supportive workplace for all employees. We welcome applicants of all backgrounds, and employment decisions are based on a candidate’s qualifications, experience, and alignment with job requirements and business needs. Waymo does not discriminate against, and prohibits harassment of, any applicant or employee based on race, color, sex, sexual orientation, gender identity, religion, national origin, age, disability, military status, family status, pregnancy, genetic information or any other basis protected by applicable law. Waymo will also consider for employment qualified applicants with criminal records in accordance with applicable law. Waymo is committed to making sure our hiring process is accessible for all candidates. If you need assistance applying for a role or participating in the interview process due to a disability, please let the recruiting team know or email waymo-candidatesupport@google.com. (This email address is intended to be used only for requesting accommodations as part of the application process. Other inquiries will not receive a response.)",""
"Waymo","Hardware Reliability Engineer","2026-06-30","已投遞","$144,000—$177,000 USD","https://careers.withwaymo.com/jobs/hardware-reliability-engineer-mountain-view-california-united-states","Waymo is an autonomous driving technology company with the mission to be the world's most trusted driver. Since its start as the Google Self-Driving Car Project in 2009, Waymo has focused on building the Waymo Driver—The World's Most Experienced Driver™—to improve access to mobility while saving thousands of lives now lost to traffic crashes. The Waymo Driver powers Waymo’s fully autonomous ride-hail service and can also be applied to a range of vehicle platforms and product use cases. The Waymo Driver has provided over ten million rider-only trips, enabled by its experience autonomously driving over 100 million miles on public roads and tens of billions in simulation across 15+ U.S. states.

Hardware Engineering is a diverse, innovative, and collaborative group of electrical, mechanical, reliability, software and vehicle engineers. We design, build, and perfect the products which are the eyes and ears of Waymo's autonomous driving technology, and integrate those products into vehicle platforms. We're seeking curious and talented teammates to keep us moving in the right direction.

This role follows a hybrid work schedule and you will report to a Technical Lead. 

 

You will:

Perform Design Failure Mode and Effect Analysis (DFMEA) and Fault Tree Analysis (FTA) to identify hardware reliability risks early
Define reliability requirements and environmental specifications to create comprehensive test plans
Independently develop and execute reliability experiments and custom test setups
Lead failure analysis and corrective actions to determine root causes for hardware issues
Manage technical relationships with vendors and suppliers to execute reliability testing and validation
Maintain failure rate models and deliver field reliability reports to communicate technical risks
 

You have:

Bachelor’s Degree in Mechanical Engineering, Electrical Engineering, Material Science, or Physics
5+ years of experience in reliability and quality analysis, including FMEA, Weibull analysis, and SPC
5+ years of experience with data analysis and reporting tools such as Python, SQL, JMP, or Tableau
Experience independently developing reliability test plans, executing experiments, and performing failure analysis
Knowledge of the mechanics of materials and physics of failure for electronics and sensors
Experience leading cross-functional teams to resolve complex hardware reliability and quality issues
 

We prefer:

Experience in automotive or autonomous vehicle reliability testing and standards
Product development and launch experience across 2-3 independent product categories
High-volume manufacturing reliability experience, like ORT
Masters Degree in Physics, Chemistry, Materials Science, or Engineering
5-10 years of product design, reliability, and quality experience
Prior experience managing vendors and suppliers for electronic components
 

Occasional travel (1-2 times a quarter) both domestically and internationally

 

The expected base salary range for this full-time position across US locations is listed below. Actual starting pay will be based on job-related factors, including exact work location, experience, relevant training and education, and skill level. Your recruiter can share more about the specific salary range for the role location or, if the role can be performed remote, the specific salary range for your preferred location, during the hiring process. 

Waymo employees are also eligible to participate in Waymo’s discretionary annual bonus program, equity incentive plan, and generous Company benefits program, subject to eligibility requirements. 

Salary Range
$144,000—$177,000 USD
We appreciate your interest in Waymo. Waymo is proud to be an equal opportunity employer, committed to creating a culture of belonging and maintaining a supportive workplace for all employees. We welcome applicants of all backgrounds, and employment decisions are based on a candidate’s qualifications, experience, and alignment with job requirements and business needs. Waymo does not discriminate against, and prohibits harassment of, any applicant or employee based on race, color, sex, sexual orientation, gender identity, religion, national origin, age, disability, military status, family status, pregnancy, genetic information or any other basis protected by applicable law. Waymo will also consider for employment qualified applicants with criminal records in accordance with applicable law. Waymo is committed to making sure our hiring process is accessible for all candidates. If you need assistance applying for a role or participating in the interview process due to a disability, please let the recruiting team know or email waymo-candidatesupport@google.com. (This email address is intended to be used only for requesting accommodations as part of the application process. Other inquiries will not receive a response.)",""
"Waymo","Systems Test Engineer, Sensing","2026-06-30","已投遞","$196,000—$242,000 USD","https://careers.withwaymo.com/jobs/systems-test-engineer-sensing-san-francisco-california-united-states-mountain-view","Waymo is an autonomous driving technology company with the mission to be the world's most trusted driver. Since its start as the Google Self-Driving Car Project in 2009, Waymo has focused on building the Waymo Driver—The World's Most Experienced Driver™—to improve access to mobility while saving thousands of lives now lost to traffic crashes. The Waymo Driver powers Waymo’s fully autonomous ride-hail service and can also be applied to a range of vehicle platforms and product use cases. The Waymo Driver has provided over ten million rider-only trips, enabled by its experience autonomously driving over 100 million miles on public roads and tens of billions in simulation across 15+ U.S. states.

Waymo's Systems Engineering team works together to blend software and hardware systems in groundbreaking new ways. We set the high performance standards that ensure our vehicles run smoothly and keep passengers safe, then design and perform the tests that validate that performance. We're looking for talented teammates who’ll help us maintain strong teamwork and are passionate about driving results.

This role follows a hybrid work schedule and you will report to a Team lead, Sensing Systems Test Engineering.

 

You will:

Own a significant portion of the sensor (mainly radar) verification and validation activities to support qualification of fully autonomous operations, for both recurring software releases and new hardware prototypes
Design, execute and debug automated tests across multiple platforms to verify sensing requirements, expose issues, and identify root causes
Work with systems engineers, systems test engineers, software engineers, hardware engineers and external vendor teams to strategize on, create, standardize and optimize automated testing methodologies supporting periodic onboard software deployment
Write reusable, high quality, sensor data analysis and test automation software (Python and/or C++)
Develop cohesive verification and validation plans, including test plans
Analyze test data and communicate the results in technical reports and presentations
 

You have:

A bachelor’s degree in physics, engineering, or other technical field OR equivalent practical experience
An advanced degree OR 8 years of equivalent practical experience
Experience analyzing data using Python or other high level language (e.g. Matlab, SQL, C++)
Experience in writing testable and maintainable software running in production level environment
Experience collaborating in projects with multiple non-colocated contributors and stakeholders
Experience with systems engineering verification and validation (V&V) methods
 

We prefer:

V&V test campaign coordination and execution
Familiarity with robotics, sensing, optics, or perception technologies
Experience debugging complex systems
Experience with simulation-based testing
Experience with autonomous vehicles or other autonomous systems
Experience with technical program management
The expected base salary range for this full-time position across US locations is listed below. Actual starting pay will be based on job-related factors, including exact work location, experience, relevant training and education, and skill level. Your recruiter can share more about the specific salary range for the role location or, if the role can be performed remote, the specific salary range for your preferred location, during the hiring process. 

Waymo employees are also eligible to participate in Waymo’s discretionary annual bonus program, equity incentive plan, and generous Company benefits program, subject to eligibility requirements. 

Salary Range
$196,000—$242,000 USD
We appreciate your interest in Waymo. Waymo is proud to be an equal opportunity employer, committed to creating a culture of belonging and maintaining a supportive workplace for all employees. We welcome applicants of all backgrounds, and employment decisions are based on a candidate’s qualifications, experience, and alignment with job requirements and business needs. Waymo does not discriminate against, and prohibits harassment of, any applicant or employee based on race, color, sex, sexual orientation, gender identity, religion, national origin, age, disability, military status, family status, pregnancy, genetic information or any other basis protected by applicable law. Waymo will also consider for employment qualified applicants with criminal records in accordance with applicable law. Waymo is committed to making sure our hiring process is accessible for all candidates. If you need assistance applying for a role or participating in the interview process due to a disability, please let the recruiting team know or email waymo-candidatesupport@google.com. (This email address is intended to be used only for requesting accommodations as part of the application process. Other inquiries will not receive a response.)",""
"Inversion","Senior Test and Automation Engineer","2026-07-01","已投遞","$137,000 - $193,000","https://job-boards.greenhouse.io/inversionspace/jobs/4709602005?gh_src=f3f6b1255us","Who We Are:
Inversion builds advanced reentry systems to deliver next-generation capabilities from space.
 
Our mission is to make Earth radically more accessible by turning Low-Earth Orbit into an on-demand logistics domain. We see space not as a destination, but as a platform — one that unlocks unprecedented speed and global reach.
 
Our spacecraft are designed to deliver payloads anywhere on Earth in under an hour, operating through extreme reentry conditions and landing with high precision. These systems open the door to new ways of testing, delivering, and operating at hypersonic speeds.
 
Inherently dual-use, our technology is built to meet urgent national security needs while laying the groundwork for future commercial applications. Backed by leading investors including Y Combinator, Spark Capital, and Lockheed Martin Ventures, and working with partners such as the U.S. Space Force and NASA, Inversion is pushing the boundaries of what’s possible in space-based defense and logistics.

About the Role
As a Test and Automation Engineer at Inversion, you will work as part of the simulation team to build, test, maintain, and develop the automated software and hardware systems that support the simulation and test environments for our flight systems. The simulation team is responsible for ensuring that flight software and flight hardware can be continuously integrated and tested under realistic flight conditions. You will play a key role in the automation of electrical ground support equipment (EGSE) and hardware-in-the-loop (HIL) test benches that will enable fast, repeatable development and deployment workflows across the engineering stack. Your work will empower Inversion’s engineering teams to iterate rapidly throughout the development life cycle and will strengthen Inversion’s ability to put our products into the hands of our customers with unprecedented speed and agility.

What You'll Do
Automate provisioning, deployment, execution, operation, and logging tasks to optimize resource utilization and allocation
Develop automated test scripts to support qualification efforts for our flight software and hardware systems
Develop device API wrappers for EGSE equipment (e.g.: to control power supplies, oscilloscopes, etc., via automated test scripts)
Develop emulators for flight hardware to support software-in-the-loop (SIL) and hardware-in-the-loop (HIL) testing
Contribute to the design and development of a simulation system capable of automatically provisioning and deploying resources to support simulation workflows
Required Qualifications
5+ years of professional experience in testing and automation of software and hardware systems
Proficiency in one or more scripting languages (Python, Lua, Bash, PowerShell, etc.)
Proficiency in one or more embedded languages (C/C++, Rust, etc.)
Experience with Linux-based systems
Desired Qualifications
Proficiency in the integration and testing of mission- and safety-critical electronics
Experience with modern DevOps practices
Experience with async and multithreaded architectures
Experience with data acquisition and logging
Experience with robotics middleware and autonomy stacks (ROS 2, Webots, Orocos, YARP, etc.)
Familiarity with time-series databases (InfluxDB, QuestDB, Prometheus, etc.)
Familiarity with message-oriented middleware (NATS, Apache Kafka, RabbitMQ, etc.)
Familiarity with containerization (Docker, Docker Compose, etc.)
 

Our office headquarters is located in Playa Vista, CA. This position requires in office presence.

 

The California annual base salary for this role is currently $137,000 - $193,000.  Pay Grades are determined by role, level, location, and alignment with market data.  Individual pay will be determined on a case-by-case basis and may vary based on the following considerations: interviews and an assessment of several factors that are unique to each candidate, job-related skills, relevant education and experience, certifications, abilities of the candidate and internal equity. 

ITAR Compliance:
To conform to U.S. Government space technology export regulations, including the International Traffic in Arms Regulations (ITAR) you must be a U.S. citizen, lawful permanent resident of the U.S., protected individual as defined by 8 U.S.C. 1324b(a)(3), or eligible to obtain the required authorizations from the U.S. Department of State. Learn more about the ITAR here.  
 
Equal Employment Opportunity:
Inversion provides equal employment opportunities to all employees and applicants without regard to race, color, religion, age, sex, gender identity, sexual orientation, national origin, veteran status, or disability.  
 
Inversion collects and processes personal data in accordance with applicable data protection laws.  If you are a US Job Applicant see the CCPA Privacy Policy Notice for further details.",""
"Peak Energy","System Integration and Test Engineer","2026-07-01","遺憾信","","https://peakenergy.com/get-in-touch/careers/jobs?job_id=5145454007&gh_jid=5145454007&gh_src=dijb9yoy7us","Peak Energy 

Job Title: Systems Integration and Test Engineer 

Location: Burlingame, CA 

Department: ESS Engineering 

Reports To: Senior Manager, Test Engineering 

Position Type: Full-time 

 

About the Company: 

Peak Energy is the first American venture to advance globally proven Sodium-Ion battery systems as the storage standard for the new era of renewable energy on a resilient grid.  

Sodium-Ion is cheap, readily available and safe, making it the leading contender in a rapidly evolving market.    

Our leadership team is powered by decades of expertise in scaling gigawatt-level innovation at world-class companies such as Tesla, Northvolt, SunPower, Fluence, and Enovix. We are backed by strategic investment and product partners such as TDK Ventures and Eclipse Ventures.   

We are a team of engineers, operators, entrepreneurs, and partners driven by a shared ambition to set the new performance standard for renewable energy and grid resilience.  

About the Role – Systems Integration and Test Engineer 

Peak Energy is looking for a System Integration and Test Engineer to join our Energy Storage Systems (ESS) team and own integration testing and functional verification efforts for our energy storage systems, from batteries to power electronics. This role will work closely with firmware, design, and simulation teams to understand needs, develop procedures, set up and run and ultimately report on appropriate tests. Through testing, you will play a key role in informing the design direction of the product. This person is a self-starter who is hungry for knowledge and holds themselves and others to high standards. We are open to all levels. 

 

What You’ll Do (Responsibilities):  

Own and conduct comprehensive testing of functional systems for BMS, inverters, and other systems across our energy storage product. 
Design, implement, and validate HIL and benchtop test systems for real-time simulation and validation of our BMS. 
Develop, execute, verify, and document test scripts, automation, and HIL systems. 
Create and maintain automated test scripts to enhance testing efficiency and accuracy. 
Develop test strategies, plans, and procedures across systems, from electrical to mechanical systems.  
Collaborate with engineering teams to ensure design integrity and improvements.  
Analyze complex test data, report findings, and drive system enhancements.  
Identify, diagnose, and resolve intricate technical issues during testing.  
Mentor junior engineers and contribute to team skill enhancement.  
Drive innovation in testing methodologies and practices.  
Interface tightly with design, simulation and manufacturing engineering partners to inform design decisions.  
Drive and participate in a culture of rapid prototyping and testing.  
A great team spirit and get-it-done attitude. No job is too big or too small.   
What You'll Bring (Qualifications): 

Bachelor's or Master's degree in Electrical Engineering, Computer Engineering, or a closely related field.  
Experience interfacing with microcontrollers and writing scripts for functional testing.  
Ability to architect, procure, assemble, and operate electromechanical automated test setups.  
Proficiency in Python or similar 
Passion for renewable energy, sustainability, and driving positive environmental impact through technology innovation. 
Eligibility to work in the U.S.  
Preferred Qualifications:  

High voltage battery and power electronics experience. 
In-depth knowledge of battery management systems (BMS) architecture and implementation 
Utility-scale energy storage systems experience. 
Experience developing hardware-in-the-loop (HIL) test systems 
3+ years of experience in testing high voltage systems, preferably in power electronics or batteries. 
Peak Energy is committed to building a diverse and inclusive workforce. We strongly encourage women, people of color, and individuals from underrepresented groups to apply. We value skills, potential, and perspective over specific credentials. If you’re excited about this role but your experience doesn’t look perfect on paper, we still want to hear from you. 

Our Core Values 

Speed Through Focus - Move fast but understand why. Focus on the goal, don't sacrifice quality.  
Mission Over Self - It's about the greater good; confident humility. Take ownership and accountability.  
Face the Brutal Truth - Transparency, honesty, big picture curiosity. Fearless decision making.  
Be a Good Person - Kindness, collaboration and teamwork. 
 

Compensation & Benefits 

The salary range for this role is $140,000-$215,000, with actual pay varying based on work location, experience, and skills. Our competitive benefits package includes: 

Flexible time off  
Comprehensive medical, dental, and vision coverage  
Strong 401(k) plan  
Equity opportunities  
Many great work perks 
Join us to thrive in a supportive environment while making a meaningful impact in the energy sector! 

At Peak Energy Technologies Inc., we believe that a diverse and inclusive workplace makes us a more capable, innovative, and competitive company. We welcome people who represent diversity in their backgrounds, ethnicities, cultures, and experiences. Peak Energy Technologies Inc. is an equal opportunity employer, aiming to reach our company’s full potential by cultivating an inclusive workforce. We do not discriminate on the basis of race, color, ancestry, religion, national origin, sexual orientation, citizenship, marital or family status, disability, gender identity or expression, veteran status, or any other legally protected status.",""
"Verkada","Senior Test Engineer – Alarms","2026-07-01","已投遞","$130,000 - $280,000 USD","https://job-boards.greenhouse.io/verkada/jobs/5082745007?gh_src=cda0ce657us","Who We Are
Verkada is transforming how organizations protect their people and places with an integrated, privacy-sensitive AI-powered platform that includes solutions for video security, access control, air quality sensors, alarms, intercoms, and visitor management. 

We’ve got serious momentum in the market: more than 30,000 customers (including 100+ of the Fortune 500), a $5.8B valuation, more than $1 billion in annualized bookings, and backing from CapitalG, Sequoia Capital, General Catalyst, Felicis Ventures, Next47 and more. Physical AI is one of the most consequential technology shifts of our time, and Verkada is at the center of it.

You can look at all kinds of communities to see our platform’s impact in the world. It's the retailer that uses our agentic AI to deter theft before it happens. The warehouse that uses AI-powered alerts to make sure its team is protected on the floor with proper PPE. The school that’s alerted to a threat in real-time and triggers a lockdown in seconds, not minutes. We’re rapidly scaling this impact: today, more than 2 million Verkada devices are deployed across 170+ countries. 

About the Role
As a Test Engineer for the Alarms team, you will be responsible for ensuring the absolute reliability of our mission-critical security hardware and software. You'll be working across the entire stack, building the Hardware-in-the-Loop (HIL) test infrastructure, writing automation, and catching problems before they reach production.

What You'll Do
Design and implement automated test frameworks for embedded alarm and safety products.
Build hardware-in-the-loop (HIL) testing systems that validate real devices under realistic operating conditions.
Develop tests that verify both individual components (sensors, controllers, communication modules) and end-to-end system behavior.
Write software to coordinate devices, test rigs, and cloud APIs for automated system validation.
Simulate real-world scenarios such as sensor faults, communication failures, power interruptions, and alarm events.
Build tooling and infrastructure that allow tests to run continuously in automated environments.
Work closely with firmware, hardware, and backend teams to debug issues and improve test coverage.
What You Bring
Engineering background in Electrical Engineering, Computer Engineering, Computer Science, or a related field.
Experience working with embedded systems or hardware devices.
Basic familiarity with embedded Linux environments.
Ability to write software to automate tests and coordinate hardware devices.
Strong problem-solving skills and attention to system reliability.
Bonus Points
Experience with life safety or mission-critical regulatory standards (UL, ULC, etc.).
Prior experience implementing Machine Learning or AI tools to optimize QA workflows.
US Employee Benefits
Verkada is committed to fostering a workplace environment that prioritizes the holistic health and wellbeing of our employees and their families by offering comprehensive wellness perks, benefits, and resources. Our benefits and perks programs include, but are not limited to:

Healthcare programs that can be tailored to meet the personal health and financial well-being needs - Premiums are 100% covered for the employee under at least one plan and 80% for family premiums under all plans
Nationwide medical, vision and dental coverage
Health Saving Account (HSA) with annual employer contributions and Flexible Spending Account (FSA) with tax saving options
Expanded mental health support
Paid parental leave policy & fertility benefits
Time off to relax and recharge through our paid holidays, firmwide extended holidays, flexible PTO and personal sick time
Professional development stipend
Wellness/fitness benefits
Healthy lunches provided daily
Commuter benefits
Additional Information
We do sponsor and take over sponsorship of employment visas for this role. If we make you an offer, we will make every reasonable effort to get you a visa.
Annual Pay Range

At Verkada, we want to attract and retain the best employees, and compensate them in a way that appropriately and fairly values their individual contribution to the company. With that in mind, we carefully consider a number of factors to determine the appropriate starting pay for an employee, including their primary work location and an assessment of a candidate's skills and experience, as well as market demands and internal parity. A Verkada employee may be eligible for additional forms of compensation, depending on their role, including sales incentives, discretionary bonuses, and/or equity in the company in the form of restricted stock units (RSUs)

Below is the annual on-target earnings (OTE) range for full-time employees for this position, comprised of base compensation and commissions (if applicable).

Estimated Annual Pay Range

$130,000 - $280,000 USD

Verkada Is An Equal Opportunity Employer
As an equal opportunity employer, Verkada is committed to providing employment opportunities to all individuals. All applicants for positions at Verkada will be treated without regard to race, color, ethnicity, religion, sex, gender, gender identity and expression, sexual orientation, national origin, disability, age, marital status, veteran status, pregnancy, or any other basis prohibited by applicable law.",""
"Skydio","Systems Integration and Test Engineer (Mid to Senior Level)","2026-07-01","已投遞","","https://www.skydio.com/jobs/a1a60b27-53a8-455e-b467-712e01c532dc?ashby_jid=a1a60b27-53a8-455e-b467-712e01c532dc&utm_source=LinkedInPaid","Skydio is the leading US drone company and the world leader in autonomous flight, the key technology for the future of drones and aerial mobility. The Skydio team combines deep expertise in artificial intelligence, best-in-class hardware and software product development, operational excellence, and customer obsession to empower a broader, more diverse audience of drone users, from utility inspectors to first responders, soldiers in battlefield scenarios and beyond.

About the role:

Reliability is our most important feature!

Autonomous systems bring together electronics hardware, sensing, and real-time AI software. The complexity of these systems, paired with their operation in uncontrolled real-world environments, makes the development, performance, reliability, and integration strategy that ties everything together a key element of delivering a great product.

We are seeking a motivated and versatile Systems Integration and Test Engineer to own definition, integration, verification, and failure analysis of state-of-the-art autonomous flying robots. Through requirements and architecture definition, field and lab data analysis, performance testing, rapid issue RCA, and cross-functional solution definition, you will ensure product integrity for the diverse range of applications across infrastructure, public safety, and defense that Skydio serves.

How you will make an impact:

Define comprehensive and testable system requirements in close partnership with product managers, designers, and developers for new hardware products, ranging from product-level to component-level
Guarantee overall system performance and product integrity through system architecture definition, system to sub-system level design reviews, and component selection criteria
Define and implement cross-functional system behaviors and telemetry to optimize lifetime system performance, health, and field diagnostics
Perform initial bring-up and performance verification during new product introduction
Act as the first responder for early system failures, triage cross-functional issues between mechanical, electrical, embedded, autonomy, etc. and creatively drive issue resolution and verification
Immerse yourself in massive datasets from flight telemetry and field analytics to learn from existing programs, perform risk assessments, inform prognostic and condition-based maintenance protocols, and implement future mitigations
Implement processes and tools to enable efficient product development and testing, including test infrastructure (SW and HW), system maturity/risk tracking, and accountability systems
Useful skills and experience:

3+ years experience in hands-on definition, design, analysis, testing, modeling, and delivery of highly reliable electro-mechanical systems in rapid development environments
Systems-engineering approach to problem solving, and a knack for rapidly identifying issues within mechanical, electrical, and software domains. Ability to work broadly across multiple domains, identify the critical path, and dive deep when necessary.
Test design and execution for system bringup and performance verification, including mechatronic prototyping and fabrication skills for fixture development
Knowledge of design for reliability principles, physics of failure, and integration risks of critical electronics subsystems such as PCBAs, motors, batteries, cameras, compute modules, or sensors
Experience in Python and/or SQL to analyze datasets for applications in specification definition, risk assessments, and reliability data analysis, and write scripts to execute commands on electro-mechanical systems
Passion for communicating the nuances of hardware/systems reliability to internal and external cross functional teams to help drive organizational priorities
A keen eye for identifying and prioritizing risks, and taking extreme ownership in finding and implementing creative resolutions

Compensation:

At Skydio, our compensation packages for regular, full-time employees include competitive base salaries, equity in the form of stock options, and comprehensive benefits packages. Compensation will vary based on factors, including skill level, proficiencies, transferable knowledge, and experience. Relocation assistance may also be provided for eligible roles. The annual base salary range for this position is $127,500. - $212,500.*. Fundamentally, we believe that equity is the key to long-term financial growth, and we ensure all regular, full-time employees have the opportunity to significantly benefit from the company's success. Regular, full-time employees are eligible to enroll in the Company’s group health insurance plans. Regular, full-time employees are eligible to receive the following benefits: Paid vacation time, sick leave, holiday pay and 401K savings plan. This position and all associated benefits are subject to applicable federal, state, and local laws, as well as the Company’s policies and eligibility criteria.

*Compensation for certain positions may vary based on the position’s location.

#LI-LP1

At Skydio we believe that diversity drives innovation. We have created a multidisciplinary environment that embraces the power of diverse perspectives to create elegant solutions for complex problems. We are committed to growing our network of people, programs, and resources to nurture an inclusive culture.

Qualified applicants will receive consideration for employment without regard to race, color, religion, sex, sexual orientation, gender identity, national origin, disability, protected veteran status, or other characteristics protected by federal, state or local anti-discrimination laws.

For positions located in the United States of America, Skydio, Inc. uses E-Verify to confirm employment eligibility. To learn more about E-Verify, including your rights and responsibilities, please visit https://www.e-verify.gov/",""
"Blue Robotics","Quality Engineer","2026-07-01","已投遞","95,000 - 120,000 USD","https://ats.rippling.com/blue-robotics/jobs/bff39bf3-d9f4-495c-b594-89c33440167a?st=0ae5e804-6956-4316-b2c8-946769affe78","About Blue Robotics

Blue Robotics makes affordable, high-quality hardware and software for marine robotics - from underwater thrusters and ROVs to autonomous surface vehicles and the software that runs them. What does this really mean? We design cool tech for use underwater that allows tons of people and organizations to pursue their audacious dreams of exploring and learning about our oceans and waterways. 

As our products become more advanced and our production volume increases, maintaining strong, scalable quality systems is critical to ensuring reliability in the field. We are looking for a Quality Engineer who will take ownership of both day-to-day inspection operations and long-term quality system development across manufacturing, new product introduction, and field support.

This role sits at the center of our manufacturing and engineering teams, working closely with production, supply chain, and design engineering to ensure that quality is built into every stage of the product lifecycle—from incoming materials through final assembly and field performance.

The ideal candidate is hands-on, highly detail-oriented, and comfortable working in a fast-moving manufacturing environment where they will directly shape inspection systems, measurement methods, and corrective actions that improve product reliability at scale.


Key Responsibilities

Quality Operations & Inspection

Manage and support the incoming and production inspection teams.
Oversee incoming inspections for machined, molded, electronic, and assembled components using tools such as calipers, pin gauges, thread gauges, hardness testers, and other metrology equipment.
Improve production inspection standards and visual inspection processes to better identify cosmetic and assembly-related defects.
Ensure inspection findings are properly documented, tracked, and communicated to the appropriate teams.
Own and manage the MRB (Material Review Board) process, including disposition coordination and cross-functional resolution of non-conforming materials.
Generate and maintain FAIRs (First Article Inspection Reports) and other inspection records.
Design and develop Go/No-Go gauges and inspection fixtures to support efficient and repeatable part inspection.
Quality Systems & Documentation

Maintain and improve the systems used to capture and manage quality data and workflows, including Smartsheet, Google Sheets, Google Slides, Dozuki documentation, and related tools.
Improve inspection procedures, documentation, training materials, and reporting processes.
Develop and maintain quality metrics and weekly quality reports for production and operations teams.
Own and manage the product deviation process.
Help establish scalable quality systems that support company growth and new product introductions.
New Product Development Support

Review engineering drawings and collaborate with engineering teams to identify critical dimensions, tolerances, and inspection requirements.
Develop practical inspection methods and measurement strategies for new parts and assemblies.
Support prototype and pre-production inspection activities.
Own and operate the company CMM (Coordinate Measuring Machine) for new product inspections and advanced dimensional verification.
Design and build fixtures for securing parts on the CMM to ensure repeatability, reduce setup time, and improve measurement consistency. 
Assist engineering teams with DFM/DFA feedback related to manufacturability and inspectability.
Problem Solving & Corrective Actions

Investigate root causes of quality issues and drive corrective and preventive actions (CAPA).
Work closely with customer support teams to troubleshoot field failures and identify trends in customer-reported issues.
Generate supplier quality reports and communicate findings to the supply chain team for supplier follow-up and corrective actions.
Partner with production, operations, and engineering teams to reduce defects and improve process consistency.

Qualifications

Bachelor's degree in engineering or a related field.
4-6 years of experience in quality engineering.
Expert knowledge of metrology tools and gauges.
Advanced understanding of GD&T Principles
Strong knowledge of quality management principles, tools, and methodologies.
Excellent problem-solving skills, with the ability to identify and resolve complex quality issues.
Fantastic communication skills and the ability to interact with cross-functional teams and hold people accountable for their work.
Ability to lead cross-functional root cause analysis (RCA) efforts and drive corrective action implementation
Detail-oriented and self-motivated, with a passion for delivering high-quality products and improving processes.
Ability to travel internationally roughly 10% of the time
Must currently reside within commuting distance of Torrance, CA. This is a fully onsite role five days a week with no remote flexibility.

Perks, Pay & More

Location:  Onsite, Torrance, CA
Medical, dental and vision insurance
Basic Life and AD&D coverage
Voluntary Life Insurance
401(k) + 4% Match
Paid parental leave
Paid time off + Paid Holidays
Team lunches and other fun events
The pay range for this role is:

95,000 - 120,000 USD per year (Torrance, CA)",""
"Johnson & Johnson","Robotics Integration Sustaining Lead","2026-07-01","已投遞","","https://www.careers.jnj.com/en/jobs/r-083800/robotics-integration-sustaining-lead/?source=LinkedIn","Job title
Robotics Integration Sustaining Lead
Function
R&D Product Development
Sub function
R&D Software/Systems Engineering
Category
Senior Engineer, R&D Software/Systems Engineering (ST6)
Location
Santa Clara / United States of America
Date posted
Jun 25 2026
Requisition number
R-083800
Work pattern
Fully Onsite
This job posting is anticipated to close on Jul 23 2026. We may however extend this time period, in which case the posting will remain available on www.careers.jnj.com to accept additional applications.

Description
At Johnson & Johnson, we believe health is everything. Our strength in healthcare innovation empowers us to build a world where complex diseases are prevented, treated, and cured, where treatments are smarter and less invasive, and solutions are personal. Through our expertise in Innovative Medicine and MedTech, we are uniquely positioned to innovate across the full spectrum of healthcare solutions today to deliver the breakthroughs of tomorrow, and profoundly impact health for humanity. Learn more at jnj.com

As guided by Our Credo, Johnson & Johnson is responsible to our employees who work with us throughout the world. We provide an inclusive work environment where each person is considered as an individual. At Johnson & Johnson, we respect the diversity and dignity of our employees and recognize their merit.

Job Function:

R&D Product Development
Job Sub Function:

R&D Software/Systems Engineering
Job Category:

Scientific/Technology
All Job Posting Locations:

Santa Clara, California, United States of America
Job Description:

Robotics & Digital Solutions, a part of the Johnson & Johnson family of companies, is recruiting a Robotics Systems Integration Sustaining Lead, located in Santa Clara, CA, to lead technical efforts in supporting deployed surgical robotics platforms.

At J&J Robotics, we're changing the trajectory of health for humanity, using robotics to enhance healthcare providers' abilities and improve patients' diagnoses, treatments, and recovery times. J&J Robotics was established in 2020 with the integration of Auris Health, Verb Surgical, C-SATS, and Ethicon. It comprises three key med-tech platforms: Surgical Robotics (OTTAVA™), Flexible Robotics (MONARCH®), and Digital Solutions. Join our collaborative, rapidly growing team where you'll create breakthrough medical technologies that unite multiple subject areas to build a connected digital ecosystem that advances medical professionals' skills and improves patient outcomes.

In this role, you will serve as the technical lead and primary Systems Integration point of contact for cross‑functional teams responsible for lifecycle support for deployed OTTAVA™ surgical robotics systems. You will triage field issues and drive resolution by engaging the appropriate technical experts. In addition, you will play a hands-on role in diagnosing issues, performing rigorous root cause analyses, and developing a deep understanding of underlying failure mechanisms. You will lead the development and implementation of mitigations for critical issues. You will collaborate closely with hardware and software engineering teams to drive design changes to prevent recurrence in future system releases.

Core Job Responsibilities:
Technical ownership for lifecycle support of deployed surgical robotics systems to ensure continued safety, performance, reliability, and regulatory compliance
Triage field and manufacturing failures through hands-on investigations to isolate the problem and engage the appropriate technical experts.
Lead and conduct root cause analysis of field and manufacturing failures and investigate complex edge cases, applying deep expertise in mechatronics and a broad system mindset to triage issues
Implement, integrate, document, and deploy mitigations for critical issues, and engage cross-functional teams as needed (e.g., hardware, software, operations, manufacturing, and service).
Manage and perform component end-of-life (EOL) activities, including impact/risk assessment and definition of mitigation plans
Improve sustaining processes in collaboration with cross-functional teams
Qualifications:
BS or MS in Computer, Electrical, or Biomedical Engineering or equivalent is required.
5+ years of experience in systems integration, hardware engineering, robotics, mechatronics, mechanical, or biomedical engineering roles in industry is required
2+ years of experience in sustaining engineering, product lifecycle support, or related engineering roles is preferred
Hands-on experience prototyping, designing, debugging, integrating, and validating electromechanical systems with actuators and sensors is required.
Strong proficiency in Python and/or C++ for programming, scripting, and modifying existing code is required.
Experience effectively collaborating with cross-functional teams and stakeholders is required
Excellent organizational, prioritization, and project management skills, proven through the ability to work on multiple projects simultaneously
Proven experience analyzing the root cause of issues and decomposing complex engineering issues into solvable problems is preferred.
Ability and willingness to work on-site in Santa Clara, California is required.
The anticipated base pay range for this position is $125,000 - $201,250

Subject to the terms of their respective policies and date of hire, employees are eligible for the following time off benefits:

Vacation –120 hours per calendar year
Sick time - 40 hours per calendar year; for employees who reside in the State of Colorado –48 hours per calendar year; for employees who reside in the State of Washington –56 hours per calendar year
Holiday pay, including Floating Holidays –13 days per calendar year
Work, Personal and Family Time - up to 40 hours per calendar year
Parental Leave – 480 hours within one year of the birth/adoption/foster care of a child
Bereavement Leave – 240 hours for an immediate family member: 40 hours for an extended family member per calendar year
Caregiver Leave – 80 hours in a 52-week rolling period10 days
Volunteer Leave – 32 hours per calendar year
Military Spouse Time-Off – 80 hours per calendar year
At Johnson & Johnson, we’re on a mission to change the trajectory of health for humanity. That starts by creating the world’s healthiest workforce. Through innovative programs and policies, we empower the physical, mental, emotional and financial health of our employees and the ones they love! At Johnson & Johnson, we offer a variety of outstanding health and financial benefits, including competitive compensation, 401k, pension, medical, dental, and vision insurance, exercise reimbursement, flexible time off, paid volunteer and parental leave, and more! For more information on how we support the whole health of our employees throughout their wellness, career and life journey, please visit www.careers.jnj.com.

Johnson & Johnson is an Equal Opportunity Employer. All qualified applicants will receive consideration for employment without regard to race, color, religion, sex, sexual orientation, gender identity, age, national origin, disability, protected veteran status or other characteristics protected by federal, state or local law. We actively seek qualified candidates who are protected veterans and individuals with disabilities as defined under VEVRAA and Section 503 of the Rehabilitation Act.

Johnson & Johnson is committed to providing an interview process that is inclusive of our applicants’ needs. If you are an individual with a disability and would like to request an accommodation, external applicants please contact us via https://www.jnj.com/contact-us/careers . internal employees contact AskGS to be directed to your accommodation resource

Required Skills:

Preferred Skills:

Agility Jumps, Analytical Reasoning, Coaching, Collaboration, Critical Thinking, Model-Based Systems Engineering (MBSE), Product Design, Report Writing, Requirements Analysis, Research and Development, SAP Product Lifecycle Management, Scripting Languages, Software Architectures, Software Development Management, Software Engineering Practices, Software Quality Assurance (SQA), Systems Development Lifecycle (SDLC), Technologically Savvy
The anticipated base pay range for this position is :

$125,000.00 - $201,250.00
Additional Description for Pay Transparency:",""
"Johnson & Johnson","Senior Quality Engineer","2026-07-01","已投遞","","https://jj.wd5.myworkdayjobs.com/en-US/JJ/job/Senior-Quality-Engineer_R-078566","",""
"Siemens Digital Industries Software","Siemens Digital Industries Software","2026-07-01","遺憾信","","https://jobs.siemens.com/en_US/externaljobs/JobDetail/511392?source=LinkedIn&sourceType=PREMIUM_POST_SITE","",""
"Shield AI","Test Engineer","2026-07-06","遺憾信","$114,266 - $171,400","https://www.linkedin.com/jobs/view/4369688528/","Founded in 2015, Shield AI is a venture-backed defense-tech company with the mission of protecting service members and civilians with intelligent systems. Its products include Hivemind autonomy software and V-BAT and X-BAT aircraft. With offices and facilities across the U.S., Europe, the Middle East, and Asia-Pacific, Shield AI’s technology actively supports operations worldwide. For more information, visit www.shield.ai . Follow Shield AI on LinkedIn , X , Instagram , and YouTube .

The Hivemind Software Engineering Integration and Test team is seeking a Senior Automated Test Engineer to design, develop, and scale advanced automated testing and CI/CD infrastructure for our next-generation autonomy platform. You will help develop test frameworks that enable this software ecosystem to create, test and deploy resilient autonomy capabilities for unmanned aircraft and robotic platforms operating in complex, contested, and GPS-denied environments. You will work with a robust suite of autonomy and mission software components, including production flight code, simulation and synthetic environment tooling, mission planning and orchestration systems, operator-facing Ground Control Station (GCS) applications, telemetry and data pipelines, and cloud-native developer infrastructure.

In this role, you will help ensure the reliability, scalability, and quality of the Hivemind ecosystem through advanced automation, validation infrastructure, and AI-assisted engineering workflows. You will develop automated test frameworks, CI/CD systems, and verification tooling that support distributed autonomy software spanning onboard edge compute, APIs, web-based operator interfaces, simulation environments, and hardware-in-the-loop systems. Working closely with software, autonomy, simulation, and systems engineering teams, you will contribute to a high-assurance development environment focused on mission-critical reliability, rapid iteration, and engineering excellence. The ideal candidate has strong experience in Python-based automation, distributed systems testing, developer tooling, and modern CI/CD practices, along with an interest in autonomy, aerospace, robotics, or safety-critical software systems. Experience leveraging AI-assisted development and intelligent automation tools to accelerate testing, debugging, analytics, and developer productivity is highly valued.

What You'll Do:

 Design, develop, and maintain automated test frameworks for Autonomy and UI applications. 
 Develop scalable automated test infrastructure for functional, integration, regression, system, and end-to-end testing across distributed software and hardware environments. 
 Create and maintain CI/CD pipelines in GitLab using YAML configurations and shell scripting to support automated build, test, and deployment workflows. 
 Build workflow automation tools and utilities in Python to improve test execution efficiency, reporting, environment setup, and developer productivity. 
 Develop and maintain UI and API test automation using Go and TypeScript for modern web-based operator interfaces and mission control applications. 
 Integrate automated testing into continuous integration environments to support rapid software delivery and high reliability standards. 
 Collaborate closely with software, autonomy, simulation, and systems engineering teams to define verification strategies and improve software quality throughout the development lifecycle. 
 Develop automated validation solutions for safety-critical and mission-critical aerospace software systems. 
 Create test harnesses, simulators, stubs, and mocks to support automated verification in both simulated and hardware-in-the-loop (HIL) environments. 
 Analyze test results, troubleshoot failures, and work with development teams to isolate root causes and improve system reliability. 
 Improve test coverage, execution speed, maintainability, and observability of automated test systems. 
 Contribute to software quality standards, coding best practices, and automation architecture decisions. 
 Maintain clear technical documentation for test frameworks, automation workflows, CI/CD infrastructure, and validation procedures. 
 Support release qualification activities and ensure traceability between requirements, tests, and verification results where applicable. 
 Represent the Integration and Test Role in design reviews and advocate for a culture of engineering excellence and continuous improvement. 
 Develop AI-assisted engineering workflows and analytics tools using modern coding agents such as Claude Code, Codex, and related LLM-based development platforms to improve test generation, failure triage, debugging, and developer productivity. 
 Design intelligent automation pipelines that leverage AI-assisted code generation, log analysis, test analysis, and workflow orchestration to accelerate software verification and validation processes. 
 Evaluate and integrate emerging AI-driven software engineering tools into automated test and CI/CD ecosystems while maintaining reliability, traceability, and engineering quality standards. 

Required Qualifications:

 5+ years of experience building scalable, maintainable automation frameworks and/or developer tooling in Python. 
 5+ years of experience working with package management, dependency management, and build systems using tools such as conan, pip, setuptools, poetry, and nix or similar. 
 5+ years of experience building tooling for automated log collection, analytics, reporting, and failure triage. 
 Strong understanding of asynchronous and concurrent programming in Python for scalable automation and parallel test execution. 
 Experience developing and maintaining CI/CD pipelines using GitLab CI, YAML, and shell scripting. 
 Experience with automated testing of distributed systems, backend services, APIs, and web-based UIs. 
 Familiarity with modern test frameworks, automated validation strategies, and software quality methodologies. 
 Experience working in Linux-based development environments. 
 Strong debugging and problem-solving skills in complex software systems. 
 Excellent collaboration and communication skills in cross-functional engineering environments. 

Preferred Qualifications:

 Experience integrating Python with native C/C++ libraries and applications using bindings, wrappers, subprocess interfaces, or interoperability tooling. 
 Proficiency with Go and/or TypeScript for automation tooling or UI test development. 
 Experience with C++ development or testing. 
 Aerospace, robotics, autonomy, or safety-critical software experience. 
 Familiarity with simulation, hardware-in-the-loop (HIL), or embedded system testing. 

$114,266 - $171,400 a year

Full-time regular employee offer package:

Pay within range listed + Bonus + Benefits + Equity

Temporary employee offer package:

Pay within range listed above + temporary benefits package (applicable after 60 days of employment)

Salary compensation is influenced by a wide array of factors including but not limited to skill set, level of experience, licenses and certifications, and specific work location. All offers are contingent on a cleared background and possible reference check. Military fellows and part-time employees are not eligible for benefits. Please speak to your talent acquisition representative for more information.

###

Shield AI is proud to be an equal opportunity workplace and is an affirmative action employer. We are committed to equal employment opportunity regardless of race, color, ancestry, religion, sex, national origin, sexual orientation, age, marital status, disability, gender identity or Veteran status. If you have a disability or special need that requires accommodation, please let us know.

We may use artificial intelligence (AI) tools to support parts of the hiring process, such as reviewing applications, analyzing resumes, or assessing responses and identifying potential inconsistencies or verification signals in application materials based on available information. These tools assist our recruitment team but do not replace human judgment. Final hiring decisions are ultimately made by humans. If you would like more information about how your data is processed, please contact us.",""
"Shield AI","Senior Engineer, VBAT Software Test Automation","2026-07-06","遺憾信","$95,000 - $200,000","https://www.linkedin.com/jobs/view/4292580617/","Founded in 2015, Shield AI is a venture-backed defense-tech company with the mission of protecting service members and civilians with intelligent systems. Its products include Hivemind autonomy software and V-BAT and X-BAT aircraft. With offices and facilities across the U.S., Europe, the Middle East, and Asia-Pacific, Shield AI’s technology actively supports operations worldwide. For more information, visit www.shield.ai . Follow Shield AI on LinkedIn, X, Instagram, and YouTube.



Shield AI has been redefining autonomous aviation with cutting-edge AI and GPS/RF-denied navigation technologies for the past few years.



We’re looking for a software engineer, well versed in development and testing, to help continue building V-BAT's test operations, specifically automation capabilities and tools used to test software components ranging from autonomy, embedded systems, ground control applications, and more – you will gather requirements and write software to automate them.



This is an opportunity to build and solve problems defense primes are unwilling to. You’ll be supported by world-class engineers, but you’re expected to learn on the job and deliver weekly – you’ll need to be hungry and motivated to grow!



WHAT YOU'LL DO:

Work directly with our GNC and Embedded teams daily to build software that leverages simulation, avionics, and/or custom hardware to automate testing
Define test cases to verify and validate embedded or GNC software at a system level, automating them to run continuously
Implement software interfaces and drivers to orchestrate simulation environments, hardware devices, and test equipment – enabling real-world behaviors, failure injection, and hardware manipulation for various test scenarios
Quickly prototype solutions using software & hardware to unblock testing, harden your prototype into scalable products for continuous release testing
Support release test planning and execution leading up to flight test events and major product milestones 


REQUIRED QUALIFICATIONS:

2+ years of related experience with a Bachelor’s degree (CE, CS, EE); or some industry experience (intern, startup, self-projects) with a Master’s or PhD degree
Strong C++ or Python skills, basic proficiency in the other
Familiarity with common version control (git) and build/packaging systems (CMake, Poetry, etc)
Passion for growth, fast-paced environments, and holding self to a high standard of excellence 


Preferred Qualifications

5+ years of related experience building automated test solutions
Experience building automated test solutions for aircraft of autonomous vehicles
Experience in automated testing, bare-metal firmware development, or simulation tooling 


$95,000 - $200,000 a year



Full-time regular employee offer package:

Pay within range listed + Bonus + Benefits + Equity



Temporary employee offer package:

Pay within range listed above + temporary benefits package (applicable after 60 days of employment)



Salary compensation is influenced by a wide array of factors including but not limited to skill set, level of experience, licenses and certifications, and specific work location. All offers are contingent on a cleared background and possible reference check. Military fellows and part-time employees are not eligible for benefits. Please speak to your talent acquisition representative for more information.



###



Shield AI is proud to be an equal opportunity workplace and is an affirmative action employer. We are committed to equal employment opportunity regardless of race, color, ancestry, religion, sex, national origin, sexual orientation, age, marital status, disability, gender identity or Veteran status. If you have a disability or special need that requires accommodation, please let us know.

We may use artificial intelligence (AI) tools to support parts of the hiring process, such as reviewing applications, analyzing resumes, or assessing responses and identifying potential inconsistencies or verification signals in application materials based on available information. These tools assist our recruitment team but do not replace human judgment. Final hiring decisions are ultimately made by humans. If you would like more information about how your data is processed, please contact us.",""
"Atoms","Robotics Test Engineer","2026-07-06","已投遞","$182,000 - $230,000","https://job-boards.greenhouse.io/atoms/jobs/8615975002?gh_src=sakymhf02us","Who we are 

Atoms is building the machines that power the next era of progress.

Over the last decade, software has transformed the digital world. But the physical world, where food is made, minerals are mined, goods are moved, and industries are run, remains far less intelligent, far less efficient, and far more constrained. We’re changing that.

Atoms builds Physical AI— real-world robots for the industries that move civilization forward, starting with food, mining, and transport. Our systems are designed to understand, predict, and control the real world with precision, turning complex physical operations into something more reliable, more scalable, and more productive.

This work requires more than robotics. It requires deep integration across hardware, software, AI, operations, manufacturing, and real estate. We don’t just build machines in a lab. We deploy them into real environments, operate them, learn from them, and improve them until they work at scale.

We are roboticists, engineers, operators, and builders. We believe the next great technology companies will not only transform information, but the physical systems that shape everyday life.

If you want to work on hard problems with real-world impact, join us.

 

What you’ll do

Create processes and write software for flashing, bring-up, and testing devices
Build hardware-in-the-loop tests for actuation, burn-in, and bench testing
Work with technicians to iterate on processes and SOPs
Debug tricky software/hardware integration issues with technicians, electrical engineers, and other robotics engineers
Build tools for technicians: visualization for status, test deployment, test results, test result tracking
Advise on and iterate on device issue tracking to manage issues over time
Work closely with manufacturing and PCB engineers
Work with contract manufacturers to build out process and scripts
 

What we’re looking for

Minimum of 3 years of relevant non-internship work experience
Demonstrated ability to solve complex hardware and software issues through methodical investigation and creative problem-solving
Experience writing software that interacts with hardware systems
Strong communication skills and ability to explain complex technical issues clearly to engineers and technicians
Experience with Linux systems, debugging tools, C++, Python
Deeper experience working with at least one piece of an autonomy stack: sensors/actuators, networking/comms, electrical systems
Track record of building processes that scale
History of building tools that help others debug more effectively
 

Why join us

At Atoms, you’ll work on one of the defining challenges of our time—bringing automation into the physical world to drive real, lasting impact. We exist to uncover valuable unknown truths and turn them into progress, which means constantly pushing beyond what’s known and building what doesn’t yet exist. The work is ambitious and often challenging, but it’s grounded in a shared sense of purpose and a team committed to seeing it through together. Our work only matters if it serves others, and we know that meaningful progress depends on the trust of the people we serve and the strength of our team—so we invest in both, creating an environment where you can do your best work and grow.

 

What else you need to know

This role is based in our San Francisco office. Atoms is a company driven by invention and continuous change - we are constantly reimagining our industries, building new products, and refining how we operate. We do our best work together. That’s why all of our office-based teams work onsite, five days a week.

The base salary range for this role is $182,000 - $230,000 per year.

Actual compensation will be determined on an individual basis and may vary depending on experience, skills, and qualifications.

Base salary is just one part of your total rewards package. You may also be eligible for equity awards and an annual performance-based bonus.

Benefits Summary (USA Full-Time Exempt Employees):

Medical, Dental, Vision, Disability, and Life Insurance
Flexible Spending Account / Health Savings Account Options
401(k)
Equity
Sick Time, Unlimited Flexible Time Off, and Paid Holidays
Paid Parental Leave 
Pre-Tax Commuter Benefit Plan
Team lunch in our SoMa office every Tuesday and Thursday
Benefits are subject to change at the company's discretion.
Atoms accepts applications on an ongoing basis.",""
"Red Oak Technologies","Python Software Engineer - Test Systems & Automation","2026-07-06","已投遞","","","",""
"Speak","QA Engineer","2026-07-06","遺憾信","","https://jobs.ashbyhq.com/speak/b05cda50-a4f8-4c74-aafe-5b4ad57bba0e?utm_source=linkedinpaid","",""
"Atomic Machines","Software Applications Engineer, Robotic Systems","2026-07-07","已投遞","$165,000 - $205,000","https://www.indeed.com/viewjob?from=app-tracker-post_apply-appcard&hl=en&jk=e113f6cdb6256c56&tk=1jsvvpcsi2kiq000","About Atomic Machines

Atomic Machines is ushering in a new era of micromanufacturing with its Matter Compiler™ technology. This full-stack technology enables new classes of micromachines to be designed and built by offering manufacturing processes and a materials library that is inaccessible to semiconductor manufacturing methods. It promises to unlock MEMS manufacturing for the many device classes frustrated by semiconductor methods and to open up entirely new product classes. The Matter Compiler™ technology fully realizes the digital manufacturing dream: bits and raw materials go in, and complete, functional micromachines come out. The Atomic Machines team has also created an exciting first device—one that was only made possible by the existence of the Matter Compiler™ technology—that we will be unveiling to the world soon.

Our offices are in Emeryville and Santa Clara, California.

About The Role

As a Software Applications Engineer, Robotic Systems, you will build the distributed software systems that control the Matter Compiler. These systems coordinate real hardware - sensors, actuators, and manufacturing processes - under real-time and reliability constraints.

You will work across layers of the stack, from low-level device interaction to higher-level APIs that define machine behavior. In one sprint, you might debug a timing issue between devices; in another, you may implement an interface that enables coordination across a fleet of machines.

This role is well-suited for engineers with strong fundamentals, hands-on curiosity, and a desire to grow into systems-level thinking through exposure to real-world, hardware-driven systems. This role is based in either our Santa Clara or Emeryville offices.

What You'll Do

Write, test, and debug software that directly interfaces with robotics and manufacturing systems
Build and operate distributed systems that coordinate state, timing, and behavior across multiple devices
Investigate and resolve issues spanning software, firmware, and physical systems
Contribute to system reliability through logging, observability, and fault handling
Work across the stack—from device-level interaction to networked APIs
Collaborate closely with mechanical, electrical, and process engineers to define system behavior
What You'll Need

3+ years of experience (research, robotics, or relevant industry work)
Bachelor's degree in Computer Science, Electrical Engineering, Mechanical Engineering, Robotics, or a related field
Strong proficiency in Python for building and debugging production systems (our stack primarily includes Python, C++, and Go)
Experience with at least one systems or strongly typed language such as C++, Rust, or Go
Solid understanding of core computer science fundamentals (data structures, concurrency, systems basics)
Experience building or debugging systems that interact with hardware or other external systems
What Makes You Stand Out

Experience working with robotics, embedded systems, or hardware-adjacent software
Familiarity with real-time systems or resource-constrained environments
Experience debugging complex issues across multiple layers (software, firmware, hardware)
Exposure to distributed systems or networked device coordination
Interest in how physical systems behave under real-world constraints (latency, noise, failure, safety)
Experience with observability, testing, or infrastructure tools",""
"DimOS","Member of Technical Staff – Robotics (Manipulation or Navigation)","2026-07-07","遺憾信","","","",""
"Cowboy Space Corp.","Software Engineer","2026-07-07","已投遞","$100,000 – $200,000","https://jobs.ashbyhq.com/cowboyspace/7014b89b-8655-4a27-95a4-7a2300168abb","Cowboy Space Corp. is building the infrastructure to power and connect the orbital economy. Our satellites operate in Low Earth Orbit to collect sunlight and enable a new class of capabilities—from powering on-orbit compute, to transmitting energy via infrared lasers (space-to-earth and space-to-space), powering on-orbit compute to delivering secure, high-bandwidth optical data. By rethinking how energy and data are generated and distributed in space, we’re unlocking entirely new ways to operate both in orbit and on Earth.

Founded in 2024 by Baiju Bhatt (co-founder of Robinhood), Cowboy Space Corp. is backed by leading investors and built by a team from top aerospace and defense organizations. We’re moving quickly to solve complex technical challenges and build a new category of space infrastructure.

The Role

As a Software Engineer at Cowboy Space Corp., you will build the systems that control, operate, and scale our spacecraft and ground infrastructure. This includes flight software, simulation, mission control systems, and the tooling needed to test and operate hardware in real time.

This is a highly ownership-driven role where you’ll work across the stack—from low-level systems interacting with hardware to higher-level services that enable mission operations. You’ll collaborate closely with hardware teams (propulsion, power, avionics) to bring up systems, validate performance, and ensure reliable operation in demanding environments.

Responsibilities

Design, build, and maintain software for spacecraft systems, ground systems, and mission operations

Develop flight software that interfaces directly with hardware and supports real-time control

Build simulation and testing frameworks to validate system behavior before deployment

Collaborate with hardware engineers to integrate, test, and debug systems end-to-end

Write performant, reliable code for resource-constrained and mission-critical environments

Develop internal tools to support testing, automation, and operational workflows

Participate in system bring-up, integration, and launch preparation activities

Monitor and support on-orbit operations, including debugging and performance optimization

Contribute to system architecture decisions across software and hardware boundaries

Balance speed, reliability, and scalability in a fast-paced development environment

Basic Qualifications

Bachelor’s degree in Computer Science, Computer Engineering, or related field

3+ years of experience building production software systems

Strong programming skills in languages such as C++, Python, or Rust

Experience working close to hardware, distributed systems, or real-time systems

Solid understanding of systems fundamentals (operating systems, networking, concurrency)

Experience working in fast-paced, engineering-driven environments

Preferred Qualifications

Experience with flight software, embedded systems, or robotics

Background in aerospace, autonomous systems, or high-reliability environments

Experience building simulation frameworks or hardware-in-the-loop testing systems

Familiarity with Linux-based systems and low-level debugging

Experience with cloud infrastructure or distributed systems for mission operations

Track record of owning systems end-to-end in high-ownership environments

Why This Role Is Different

Work across the full stack—from hardware interfaces to mission operations

Direct impact on real spacecraft and on-orbit performance

Fast iteration cycles with tight hardware/software integration

High ownership and autonomy in a small, high-caliber team

Opportunity to help define software systems for a new class of space infrastructure

Compensation and Benefits

The salary range for this position is $100,000 – $200,000 annually. The actual base salary offered will depend on factors such as job-related skills, experience, qualifications, and internal equity.

Equity in Cowboy Space Corp.

Employees and their eligible dependents may enroll in medical, dental, and vision insurance

401(k) retirement savings plan

Paid time off

10 paid holidays per calendar year

Paid parental leave

Relocation assistance if applicable

Daily lunch in the office and a fully stocked kitchen with beverages and snacks

ITAR Requirements

Export Control Requirement: To conform to U.S. Government space technology export regulations, including the International Traffic in Arms Regulations (ITAR), applicants must be a U.S. citizen, lawful permanent resident of the U.S., protected individual as defined by 8 U.S.C. 1324b(a)(3), or eligible to obtain the required authorizations from the U.S. Department of State. Learn more about ITAR here.

Disclaimer

This job description is a summary of the primary duties and responsibilities of the job and position. It is not intended to be a comprehensive or all-inclusive listing of duties and responsibilities. Contents are subject to change at Cowboy Space Corp.’s discretion.

Cowboy Space Corp. is an equal employment opportunity employer. We consider individuals for employment or promotion according to their skills, abilities and experience. Cowboy Space Corp. is committed to complying with all applicable laws prohibiting discrimination based on race, color, religious creed, age, national origin, ancestry, physical, mental or developmental disability, sex (which includes pregnancy, childbirth, breastfeeding and medical conditions relating to pregnancy, childbirth or breastfeeding), veteran status, military status, marital or registered domestic partnership status, medical condition (including cancer or genetic characteristics), genetic information, gender, gender identity, gender expression, sexual orientation, as well as any other category protected by federal, state or local laws.

Apply for this Job",""
"Cowboy Space Corp.","Sr. Test Software Engineer, AI Workloads","2026-07-07","已投遞","$100,000 – $200,000","https://jobs.ashbyhq.com/cowboyspace/64bca77f-c225-463c-99c6-cabdaf5b2aba?locationId=9ca84f54-5f2f-4e2f-aab3-4b964bfe030c","Cowboy Space Corp. is building the infrastructure to power and connect the orbital economy. Our satellites operate in Low Earth Orbit to collect sunlight and enable a new class of capabilities—from powering on-orbit compute, to transmitting energy via infrared lasers (space-to-earth and space-to-space), powering on-orbit compute to delivering secure, high-bandwidth optical data. By rethinking how energy and data are generated and distributed in space, we’re unlocking entirely new ways to operate both in orbit and on Earth.

Founded in 2024 by Baiju Bhatt (co-founder of Robinhood), Cowboy Space Corp. is backed by leading investors and built by a team from top aerospace and defense organizations. We’re moving quickly to solve complex technical challenges and build a new category of space infrastructure.

The Role

As a Software Engineer at Cowboy Space Corp., you will build the systems that control, operate, and scale our spacecraft and ground infrastructure. This includes flight software, simulation, mission control systems, and the tooling needed to test and operate hardware in real time.

This is a highly ownership-driven role where you’ll work across the stack—from low-level systems interacting with hardware to higher-level services that enable mission operations. You’ll collaborate closely with hardware teams (propulsion, power, avionics) to bring up systems, validate performance, and ensure reliable operation in demanding environments.

Responsibilities

Design, build, and maintain software for spacecraft systems, ground systems, and mission operations

Develop flight software that interfaces directly with hardware and supports real-time control

Build simulation and testing frameworks to validate system behavior before deployment

Collaborate with hardware engineers to integrate, test, and debug systems end-to-end

Write performant, reliable code for resource-constrained and mission-critical environments

Develop internal tools to support testing, automation, and operational workflows

Participate in system bring-up, integration, and launch preparation activities

Monitor and support on-orbit operations, including debugging and performance optimization

Contribute to system architecture decisions across software and hardware boundaries

Balance speed, reliability, and scalability in a fast-paced development environment

Basic Qualifications

Bachelor’s degree in Computer Science, Computer Engineering, or related field

3+ years of experience building production software systems

Strong programming skills in languages such as C++, Python, or Rust

Experience working close to hardware, distributed systems, or real-time systems

Solid understanding of systems fundamentals (operating systems, networking, concurrency)

Experience working in fast-paced, engineering-driven environments

Preferred Qualifications

Experience with flight software, embedded systems, or robotics

Background in aerospace, autonomous systems, or high-reliability environments

Experience building simulation frameworks or hardware-in-the-loop testing systems

Familiarity with Linux-based systems and low-level debugging

Experience with cloud infrastructure or distributed systems for mission operations

Track record of owning systems end-to-end in high-ownership environments

Why This Role Is Different

Work across the full stack—from hardware interfaces to mission operations

Direct impact on real spacecraft and on-orbit performance

Fast iteration cycles with tight hardware/software integration

High ownership and autonomy in a small, high-caliber team

Opportunity to help define software systems for a new class of space infrastructure

Compensation and Benefits

The salary range for this position is $100,000 – $200,000 annually. The actual base salary offered will depend on factors such as job-related skills, experience, qualifications, and internal equity.

Equity in Cowboy Space Corp.

Employees and their eligible dependents may enroll in medical, dental, and vision insurance

401(k) retirement savings plan

Paid time off

10 paid holidays per calendar year

Paid parental leave

Relocation assistance if applicable

Daily lunch in the office and a fully stocked kitchen with beverages and snacks

ITAR Requirements

Export Control Requirement: To conform to U.S. Government space technology export regulations, including the International Traffic in Arms Regulations (ITAR), applicants must be a U.S. citizen, lawful permanent resident of the U.S., protected individual as defined by 8 U.S.C. 1324b(a)(3), or eligible to obtain the required authorizations from the U.S. Department of State. Learn more about ITAR here.

Disclaimer

This job description is a summary of the primary duties and responsibilities of the job and position. It is not intended to be a comprehensive or all-inclusive listing of duties and responsibilities. Contents are subject to change at Cowboy Space Corp.’s discretion.

Cowboy Space Corp. is an equal employment opportunity employer. We consider individuals for employment or promotion according to their skills, abilities and experience. Cowboy Space Corp. is committed to complying with all applicable laws prohibiting discrimination based on race, color, religious creed, age, national origin, ancestry, physical, mental or developmental disability, sex (which includes pregnancy, childbirth, breastfeeding and medical conditions relating to pregnancy, childbirth or breastfeeding), veteran status, military status, marital or registered domestic partnership status, medical condition (including cancer or genetic characteristics), genetic information, gender, gender identity, gender expression, sexual orientation, as well as any other category protected by federal, state or local laws.",""
"Zoox","AV Safety Data Reporting Engineer","2026-07-07","遺憾信","$175,000 - $210,000","","The AV Safety Software Data Engineer will play a critical role in supporting Zoox’s safety data reporting and compliance efforts. In this position, you will work with large-scale fleet data to gather, analyze, and triage events for internal safety learnings and external compliance requirements.

As an AV Safety Software Data Reporting Engineer, you will operationalize defined requirements through data-driven analyses, dashboards, and workflow automations. You will implement innovative processes that are rigorous, diligent, and systematic, as well as applicable and repeatable, as Zoox continues to scale, to ensure reliable and safe operations. You will continually improve our internal data-gathering, analysis, and reporting processes and work closely with our Legal, Policy, Operations, Vehicle Engineering, Safety Design, Software, Hardware, and Communications teams to ensure a rigorous, disciplined, quantified engineering approach.

A successful candidate will be able to support other Zoox safety efforts, including Operational Safety, Safety Planning, Policy, System Design, and Risk Assessment activities.

In This Role, You Will

 Create, implement, and maintain our internal and external safety data gathering, analysis, and reporting processes, and work cross-functionally with other internal organizations to ensure accurate regulatory reporting. 
 Support the implementation of safety learnings & data programs, processes and dashboards for awareness and decision-making, including systematically ensuring representation and input from key internal stakeholders. 
 Continuously improve data pipelines, triage processes, and dashboard functionality to support efficient safety data reporting. 
 Leverage AI tools (LLMs/VLMs, prompt engineering, and context engineering) to assist with event summarization, semi-automated triage, and workflow automation. 
 Support the continuing development and implementation of successful operational safety and compliance programs. 
 Design, build, and maintain dashboards in Looker and Databricks to track safety data reports, learnings, and feature implementation. 

Qualifications

 BS or MS in Computer Science, Data Science, Robotics, Statistics, or a related field. 
 4+ years of experience working with large-scale datasets, preferably in autonomous vehicles, robotics, or other safety-critical systems. 
 Strong programming skills in Python (pandas, PySpark) and advanced SQL/Spark query development. 
 Experience designing and maintaining dashboards in Looker, Databricks, Tableau, or similar platforms. 
 Demonstrated attention to detail in analyzing technical, engineering or forensic data . 
 Familiarity with AI tools (LLMs/VLMs, prompt engineering, context engineering) for data analysis, triage, or workflow automation. 
 Experience working with cross-functional teams and communicating technical content clearly to both engineering and non-technical audiences. 

Bonus Qualifications

 Experience with NHTSA SGO, TREAD, or State AV reporting requirements 
 Experience in automated vehicle systems or diagnostic data or large-scale fleet data 
 Understanding of AV stack components and vehicle behavior 
 Advanced degree in Engineering, or in a technical field 
 Certification in Safety or Automotive systems 

$175,000 - $210,000 a year

Base Salary Range

There are three major components to compensation for this position: salary, Amazon Restricted Stock Units (RSUs), and Zoox Stock Appreciation Rights. A sign-on bonus may be offered as part of the compensation package. The listed range applies only to the base salary. Compensation will vary based on geographic location and level. Leveling, as well as positioning within a level, is determined by a range of factors, including, but not limited to, a candidate's relevant years of experience, domain knowledge, and interview performance. The salary range listed in this posting is representative of the range of levels Zoox is considering for this position.

Zoox also offers a comprehensive package of benefits, including paid time off (e.g. sick leave, vacation, bereavement), unpaid time off, Zoox Stock Appreciation Rights, Amazon RSUs, health insurance, long-term care insurance, long-term and short-term disability insurance, and life insurance.

About Zoox

Zoox is developing the first ground-up, fully autonomous vehicle fleet and the supporting ecosystem required to bring this technology to market. Sitting at the intersection of robotics, machine learning, and design, Zoox aims to provide the next generation of mobility-as-a-service in urban environments. We’re looking for top talent that shares our passion and wants to be part of a fast-moving and highly execution-oriented team.

Follow us on LinkedIn

Accommodations

If you need an accommodation to participate in the application or interview process please reach out to [email protected] or your assigned recruiter.

A Final Note

You do not need to match every listed expectation to apply for this position. Here at Zoox, we know that diverse perspectives foster the innovation we need to be successful, and we are committed to building a team that encompasses a variety of backgrounds, experiences, and skills.

We may use artificial intelligence (AI) tools to support parts of the hiring process, such as reviewing applications, analyzing resumes, or assessing responses and identifying potential inconsistencies or verification signals in application materials based on available information. These tools assist our recruitment team but do not replace human judgment. Final hiring decisions are ultimately made by humans. If you would like more information about how your data is processed, please contact us.",""
"Penumbra","Quality Engineering Manager","2026-07-07","已投遞","$145,000 to $214,000","","In this role, you will lead a team of Quality Engineers supporting manufacturing operations and production lines for a portfolio of medical devices. You will be accountable for manufacturing quality performance, inspection strategy, yield improvement, and sustaining process control, from early commercial ramp through product maturity and site transfer.

Embedded within Technical Operations, this role partners closely with Manufacturing Engineering, Production, and Industrial Engineering to build quality into manufacturing processes from the start. From a quality-first perspective, you will ensure processes are capable, controlled, and appropriately de-risked through robust process controls, inspection strategies, and data-driven monitoring. Your work will directly influence product yield, productivity, and operational stability by preventing defects, detecting issues early, and ensuring consistent, compliant manufacturing performance.

Specific Duties And Responsibilities

Lead Quality Engineering support for assigned product portfolios and production lines
Serve as the primary quality partner to Production, Manufacturing Engineering, and Industrial Engineering
Own manufacturing quality performance, including yield, scrap, productivity, and throughput-related quality losses
Own and advance inspection strategies, including in-process and final inspection, destructive testing, sampling plans, and acceptance/reject criteria
Drive continuous improvement of inspection systems, test methods, process monitoring, and digital quality tools
Apply Lean and Six Sigma methodologies to improve yield, reduce waste, and enhance process capability
Own execution of quality system activities within Operations, including NCRs, MRB, CAPAs, control chart investigations, and effectiveness verification
Champion process-based risk management, including pFMEAs and defining CTQs
Review and approve equipment-related quality activities, including equipment qualifications (IQ/OQ), equipment-related ECOs, non-standard maintenance activities, and equipment software validation, in partnership with Manufacturing Engineering
Hire, develop, and manage Quality Engineers, including workload and FTE planning to support production priorities
Indicates an essential function of the role

Position Qualifications

Minimum education and experience:

Bachelor’s degree in Engineering (Biomedical, Mechanical, Materials, Chemical, or related discipline preferred)
5+ years of experience in Quality Engineering, or Manufacturing Engineering within the medical device industry
1+ years of leadership experience required; people management experience preferred
Previous manufacturing engineering, process development, or NPI experience preferred
Working knowledge of FDA QSR and ISO 13485 in a manufacturing environment
Prior people leadership experience or demonstrated readiness to manage and develop engineers
Strong data analysis, problem-solving, and decision-making skills

Preferred Qualifications:

Product Quality Engineering support for catheterization delivery systems and/or nitinol-based devices
Experience supporting high-volume manufacturing and early commercial yield ramp
Strong background in inspection systems, destructive testing, and statistical sampling methods
Versatility, flexibility, and willingness to work within a dynamic environment
Practical application of Lean and Six Sigma in manufacturing or quality environments
Experience partnering closely with Production, Industrial Engineering, and Equipment Engineering teams
CQE certification or training
Experience with data systems (e.g. PowerBI or Tableau), statistical analysis, and design of experimentation

Working Conditions

General office, laboratory, and cleanroom environments
Business travel from 0% - 10%
Requires some lifting and moving of up to 25 pounds
Must be able to move between buildings and floors. 
Must be able to remain stationary and use a computer or other standard office equipment, such as a printer or copy machine, for an extensive period of time each day. 
Must be able to read, prepare emails, and produce documents and spreadsheets. 
Must be able to move within the office and access file cabinets or supplies, as needed. 
Must be able to communicate and exchange accurate information with employees at all levels on a daily basis. 

Location: Alameda, CA

Starting Base Salary: $145,000 to $214,000

Individual compensation will vary over time-based on factors such as performance, skill level, competencies, work location and shift.

What We Offer

 A collaborative teamwork environment where learning is constant, and performance is rewarded. 
 The opportunity to be part of the team that is revolutionizing the treatment of some of the world's most devastating diseases. 
 A generous benefits package for eligible employees that includes medical, dental, vision, life, AD&D, short and long-term disability insurance, 401(k) with employer match, paid parental leave, eleven paid company holidays per year, a minimum of fifteen days of accrued vacation per year, which increases with tenure, and paid sick time in compliance with applicable law(s). 

Penumbra, Inc., headquartered in Alameda, California, is a global healthcare company focused on innovative therapies. Penumbra designs, develops, manufactures, and markets novel products and has a broad portfolio that addresses challenging medical conditions in markets with significant unmet need. Penumbra sells its products to hospitals and healthcare providers primarily through its direct sales organization in the United States, most of Europe, Canada, and Australia, and through distributors in select international markets. The Penumbra logo is a trademark of Penumbra, Inc.

Qualified applicants will receive consideration for employment without regard to race, color, religion, sex, national origin, sexual orientation, gender identity, age, disability, military or veteran status, or any other characteristic protected by federal, state, or local laws.

If you reside in the State of California, please also refer to Penumbra's Privacy Notice for California Residents.

For additional information on Penumbra’s commitment to being an equal opportunity employer, please see Penumbra's AAP Policy Statement.",""
"InnoWave","Senior Quality Engineer – AI-Driven Testing","2026-07-07","遺憾信","","","",""
"General Motors","General Motors","2026-07-07","面試中","","","",""
"General Motors","Software Engineer – Simulation Validation","2026-07-07","遺憾信","","https://search-careers.gm.com/en/jobs/jr-202519080/senior-software-engineer-simulation-validation/","As a Software Engineer in Simulation, you will be responsible for ensuring the quality and reliability of autonomous vehicle simulation platforms. The role bridges hands-on coding, protocol/process definition, integration of metrics, and automated regression monitoring — all foundational to verifying the performance, fidelity, and validity of highly complex simulation systems. This position will follow both collaborative and technical standards with an emphasis on scalable, maintainable, and programmatic approaches. 

About the organization  

The GM Advanced Driver-Assistance Systems (ADAS) team develops and delivers intelligent, safety, and convenience features to elevate every driver’s experience. By integrating state-of-the-art sensing, perception, and control technologies, GM ADAS empowers vehicles with cutting-edge capabilities. Our cross-functional experts collaborate to design scalable, reliable systems that set new standards for automotive innovation and make mobility easier, safer and more convenient for all. 

 
The Sim Validation team at GM ensures our simulation environments accurately mirror real-world driving conditions and sensor interactions. On the one hand, by measuring and monitoring the realism, accuracy, and coverage of our virtual environments and sensor models, Sim Validation enables developers and engineers to validate autonomous and ADAS technologies with greater realism and confidence.  On the other hand, our validation methodologies establish a basis of trust in our simulation results and capabilities when reporting to executives and regulatory bodies.  Our solutions reduce reliance on physical testing, streamline development, and provide essential insights that guide safer, more robust vehicle systems. 

What you and your team will be doing  

Build and maintain simulation fidelity and validity metrics, quantifying the gap between simulation and road in novel ways. Construct mechanisms to attribute issues to components of simulation systems. 

Design and maintain robust data ingestion and loading tools to support diverse simulation pipelines 

Develop and optimize nodes in both C++ and Python to extract and aggregate metric outputs at scale.  

Create, maintain, and monitor test suites, enabling automated regression detection. Debug, track, and report on validity measures, including deep root-cause analysis. Triage and aid in the prioritization of resolving validation issues. 

Contribute documentation in the form of technical designs, experiment results and internal publications. 

Conduct code reviews and assist teammates in tracking evolving requirements and user workflows. 

Interface with cross-org partners to articulate requirements, resolve handoff issues, and share best practices. 

Required Skills & Qualifications  

3+ years of experience writing Python in a production environment (unit testing, code review, algorithm performance and tradeoffs, etc.). Demonstrated experience with C++. 

Familiarity with data analysis, e.g. statistics 

Familiarity with SQL, ROS, numpy & scipy, and plotting/visualization libraries 

Excellent communication skills and ability to work independently, driving technical advances. 

BS in Computer Science, Electrical Engineering, Mechanical Engineering, Robotics, Aerospace Engineering or similar experience. 

Bonus points  

Experience building algorithms central to data analysis of engineering domains  

Experience developing software solutions that are used across engineering teams 

Experience with computational geometry, linear algebra, or Machine Learning 

Experience with time-series data analysis and online performance monitoring tools 

Experience in simulation/test engineering or automotive autonomy platforms 

Experience automating pipelines, maintaining and troubleshooting test protocols. 

Familiarity with some of Google Cloud, BigQuery, containerized builds, large-scale continuous integration/monitoring or Python/C++ interoperability  

Compensation:

The expected base compensation for this role is: $123,200 - $189,100. Actual base compensation within the identified range will vary based on factors relevant to the position.
You also need to include general information about potential commissions, if applicable.
Bonus Potential: An incentive pay program offers payouts based on company performance, job level, and individual performance.
Benefits:
 
Benefits: GM offers a variety of health and wellbeing benefit programs. Benefit options include medical, dental, vision, Health Savings Account, Flexible Spending Accounts, retirement savings plan, sickness and accident benefits, life insurance, paid vacation & holidays, tuition assistance programs, employee assistance program, GM vehicle discounts and more.

About GM
Our vision is a world with Zero Crashes, Zero Emissions and Zero Congestion and we embrace the responsibility to lead the change that will make our world better, safer and more equitable for all.

Why Join Us 
We believe we all must make a choice every day – individually and collectively – to drive meaningful change through our words, our deeds and our culture. Every day, we want every employee to feel they belong to one General Motors team.

Total Rewards | Benefits Overview
From day one, we're looking out for your well-being–at work and at home–so you can focus on realizing your ambitions. Learn how GM supports a rewarding career that rewards you personally by visiting Total Rewards resources. 

Non-Discrimination and Equal Employment Opportunities (U.S.)
General Motors is committed to being a workplace that is not only free of unlawful discrimination, but one that genuinely fosters inclusion and belonging. We strongly believe that providing an inclusive workplace creates an environment in which our employees can thrive and develop better products for our customers.

All employment decisions are made on a non-discriminatory basis without regard to sex, race, color, national origin, citizenship status, religion, age, disability, pregnancy or maternity status, sexual orientation, gender identity, status as a veteran or protected veteran, or any other similarly protected status in accordance with federal, state and local laws. 

We encourage interested candidates to review the key responsibilities and qualifications for each role and apply for any positions that match their skills and capabilities. Applicants in the recruitment process may be required, where applicable, to successfully complete a role-related assessment(s) and/or a pre-employment screening prior to beginning employment. To learn more, visit How we Hire.

Accommodations
General Motors offers opportunities to all job seekers including individuals with disabilities. If you need a reasonable accommodation to assist with your job search or application for employment, email us Careers.Accommodations@GM.com or call us at 1-800-865-7580. In your email, please include a description of the specific accommodation you are requesting as well as the job title and requisition number of the position for which you are applying.",""
"General Motors","General Motors","2026-07-07","遺憾信","","https://search-careers.gm.com/en/jobs/jr-202523791/software-engineer/","",""
"Intuitive","Intuitive","2026-07-07","已投遞","","https://careers.intuitive.com/en/jobs/744000129569780/JOB212775/senior-test-engineer/","",""
"Nvidia","Senior Software Engineer, Test - Autonomous Vehicles","2026-07-07","遺憾信","","https://jobs.nvidia.com/careers?query=test&start=10&location=CA%2C+United+States&pid=893396056862&sort_by=relevance&filter_include_remote=1&filter_job_category=engineering&filter_skills=Python%2CCoding%2CDebugging&filter_job_type=regular+employee&filter_time_type=full+time","",""
"Primary.Health","Primary.Health","2026-07-16","已投遞","","https://www.indeed.com/viewjob?jk=e3da3ccad86cc0fe&tk=1jti5lge7ij9o801&from=jobi2a_jobmatch-reactivation-en-US_email&rjptk=1jti5lfepptr9807&xpse=SoBt67I3h2plyywyWB0LbzkdCdPP&xfps=b65530bf-9db1-475f-8ac1-362fc9c19cf4&xkcb=SoBU67M3hyDZ9GUeRR0KbzkdCdPP","",""
"Bitwarden","Bitwarden","2026-07-16","已投遞","","https://www.indeed.com/viewjob?jk=cdde272359686d53&tk=1jtfj90homnr7801&from=jobi2a_jobmatch-reactivation-en-US_email&rjptk=1jtfj8vmkktii805&xpse=SoBV67I3h2rKG5y04R0LbzkdCdPP&xfps=a252b571-7cdf-40c0-98f3-eb006f1fc7b4&xkcb=SoDr67M3hvur6Hg07T0KbzkdCdPP","",""
"Xaba","Xaba","2026-07-16","已投遞","","","",""
"Rhoda AI","Rhoda AI","2026-07-16","已投遞","","https://jobs.ashbyhq.com/rhoda-ai/c23cd621-c444-45a7-be47-772a0871ecfb?utm_source=PQx91a0GrM","",""
"DoorDash","Manufacturing Quality Engineer","2026-07-16","遺憾信","","https://job-boards.greenhouse.io/doordashusa/jobs/7490108","About the Role
We are seeking a Staff Quality Engineer to establish and lead the quality program for our prototype assembly line supporting next-generation autonomous food-delivery robots. Reporting directly to the Head of Manufacturing, you will architect the quality systems, processes, and supplier partnerships required to transition our platform from prototype to scalable production. This role demands deep experience in supplier quality, manufacturing process development, and translating system-level requirements into robust controls on the factory floor. The ideal candidate thrives in a fast-paced, hardware-driven environment, is passionate about building high-reliability products, and holds an uncompromising commitment to operational excellence.


This role is based in Fremont, CA, with periodic travel to suppliers and manufacturing partners as needed.

You're excited about this opportunity because you will…
Build the end-to-end quality program for a prototype robotic assembly line, including process documentation, traceability requirements, and manufacturing control plans.
Define quality standards and inspection criteria for our parts and sub-assemblies.
Establish and manage the supplier quality function, including qualification, audits, PPAP/APQP alignment, and ongoing supplier performance monitoring.
Collaborate with systems engineering to derive PFMEAs, connecting system-level risks to process-level controls, inspection steps, and mitigation strategies.
Develop in-line quality control processes, including incoming inspection, in-process checks, and end-of-line validation for prototype builds.
Lead the Material Review Board (MRB) to drive disposition of non-conformining material (NCM)
Lead root-cause analysis (RCA) for build issues, field failures, and supplier-related nonconformances; drive corrective and preventive actions (CAPA).
Partner closely with manufacturing, design, systems, and test teams to ensure that quality requirements are integrated from concept through deployment.
Support supplier visits and on-site investigations, ensuring build quality, reliability, and conformance to specifications.
Manage the transfer of internal quality practices to external partners
We're excited about you because…
You hold a Bachelor’s or Master’s degree in Mechanical Engineering, Manufacturing Engineering, Electrical Engineering, Industrial Engineering, or a related field.
You have 8+ years of quality engineering experience in hardware, robotics, automotive, aerospace, or another complex electromechanical domain.
You bring direct experience standing up supplier quality programs, including initial qualification, auditing, scorecarding, and issue resolution.
You have designed and implemented quality control plans, inspection standards, and process controls for prototype or low-volume lines.
You’re skilled in root-cause analysis, CAPA development, and statistical process control (SPC).
You are fluent with tools and frameworks such as APQP, PPAP, MSA, GR&R, control plans, and digital quality management platforms.
You have a working knowledge of QMS integration into ERP systems
Preferred Qualifications…
Experience supporting robotics, autonomous systems, mobility platforms, or complex mechatronic assemblies.
Background working directly with contract manufacturers (preferably IATF-16949 certified) and early-stage production environments.
Exposure to functional safety and risk-based engineering for mobile or safety-critical platforms (ISO 26262, ISO 13849, or similar).
Demonstrated ability to scale a prototype program toward manufacturable, repeatable processes.
 

Notice to Applicants for Jobs Located in NYC or Remote Jobs Associated With Office in NYC Only

We use Covey as part of our hiring and/or promotional process for jobs in NYC and certain features may qualify it as an AEDT in NYC. As part of the hiring and/or promotion process, we provide Covey with job requirements and candidate submitted applications. We began using Covey Scout for Inbound from August 21, 2023, through December 21, 2023, and resumed using Covey Scout for Inbound again on June 29, 2024.

The Covey tool has been reviewed by an independent auditor. Results of the audit may be viewed here: Covey

Compensation

The successful candidate’s starting pay will fall within the pay range listed below and is determined based on job-related factors including, but not limited to, skills, experience, qualifications, work location, and market conditions. Base salary is localized according to an employee’s work location. Ranges are market-dependent and may be modified in the future.

In addition to base salary, the compensation for this role includes opportunities for equity grants. Talk to your recruiter for more information.

DoorDash cares about you and your overall well-being. That’s why we offer a comprehensive benefits package to all regular employees, which includes a 401(k) plan with employer matching, 16 weeks of paid parental leave, wellness benefits, commuter benefits match, paid time off and paid sick leave in compliance with applicable laws (e.g. Colorado Healthy Families and Workplaces Act). DoorDash also offers medical, dental, and vision benefits, 11 paid holidays, disability and basic life insurance, family-forming assistance, and a mental health program, among others.

To learn more about our benefits, visit our careers page here.

See below for paid time off details:

For salaried roles: flexible paid time off/vacation, plus 80 hours of paid sick time per year.
For hourly roles: vacation accrued at about 1 hour for every 25.97 hours worked (e.g. about 6.7 hours/month if working 40 hours/week; about 3.4 hours/month if working 20 hours/week), and paid sick time accrued at 1 hour for every 30 hours worked (e.g. about 5.8 hours/month if working 40 hours/week; about 2.9 hours/month if working 20 hours/week).
The national base pay range for this position within the United States, including Illinois and Colorado.

$139,400 - $205,000 USD

About DoorDash
At DoorDash, our mission to empower local economies shapes how our team members move quickly, learn, and reiterate in order to make impactful decisions that display empathy for our range of users—from Dashers to merchant partners to consumers. We are a technology and logistics company that started by enabling door-to-door delivery, and we are looking for team members who can help us go from a company that is known as the place you order food to a company that people turn to for any and all goods.

DoorDash is growing rapidly and changing constantly, which gives our team members the opportunity to share their unique perspectives, solve new challenges, and own their careers. We're committed to supporting employees’ happiness, healthiness, and overall well-being by providing comprehensive benefits and perks including premium healthcare, wellness expense reimbursement, paid parental leave and more.

Our Commitment to Diversity and Inclusion
We’re committed to growing and empowering a more inclusive community within our company, industry, and cities. That’s why we hire and cultivate diverse teams of people from all backgrounds, experiences, and perspectives. We believe that true innovation happens when everyone has room at the table and the tools, resources, and opportunity to excel.

Statement of Non-Discrimination: In keeping with our beliefs and goals, no employee or applicant will face discrimination or harassment based on: race, color, ancestry, national origin, religion, age, gender, marital/domestic partner status, sexual orientation, gender identity or expression, disability status, or veteran status. Above and beyond discrimination and harassment based on “protected categories,” we also strive to prevent other subtler forms of inappropriate behavior (i.e., stereotyping) from ever gaining a foothold in our office. Whether blatant or hidden, barriers to success have no place at DoorDash. We value a diverse workforce – people who identify as women, non-binary or gender non-conforming, LGBTQIA+, American Indian or Native Alaskan, Black or African American, Hispanic or Latinx, Native Hawaiian or Other Pacific Islander, differently-abled, caretakers and parents, and veterans are strongly encouraged to apply. Thank you to the Level Playing Field Institute for this statement of non-discrimination.

Pursuant to the San Francisco Fair Chance Ordinance, Los Angeles Fair Chance Initiative for Hiring Ordinance, and any other state or local hiring regulations, we will consider for employment any qualified applicant, including those with arrest and conviction records, in a manner consistent with the applicable regulation.

If you need any accommodations, please inform your recruiting contact upon initial connection.


Notice to Applicants for Jobs Located in NYC or Remote Jobs Associated With Office in NYC Only

We used Covey as part of our hiring and/or promotional process for jobs in NYC and certain features may qualify it as an AEDT in NYC. As part of the hiring and/or promotion process, we provided Covey with job requirements and candidate submitted applications. We began using Covey Scout for Inbound from August 21, 2023, through December 21, 2023.  We resumed using Covey Scout for Inbound again on June 29, 2024, and ceased using Covey Scout for Inbound on April 30, 2026.

The Covey tool has been reviewed by an independent auditor. Results of the audit may be viewed here: https://getcovey.com/nyc-local-law-144.",""
"1X","1X","2026-07-16","已投遞","","https://jobs.ashbyhq.com/1x/a3313f83-4475-4f87-a1b9-02eac694acf9?utm_source=pzP8KL5e9e","",""
"Zoox","Firmware Validation Engineer","2026-07-17","已投遞","$155,000 - $211,000","https://www.indeed.com/viewjob?jk=0502cc06f7ecc41c&tk=1jtnad3koh7ml800&from=jobi2a_jobmatch-reactivation-en-US_email&rjptk=1jtnad32kn6mm80i&xpse=SoDi67I3h4unb4Qh150LbzkdCdPP&xfps=a07d20b4-bac4-4232-b846-37986526e428&xkcb=SoBB67M3h3c7RkbwLJ0KbzkdCdPP","As a Firmware Validation Engineer, you will validate firmware functionality at the component, subsystem and system level, ensuring features operate reliably within the broader vehicle platform. This includes testing embedded applications, control logic, and feature integrations across hardware interfaces, sensors, and actuators to confirm they meet functional, performance, and safety requirements. Your work directly impacts the quality and readiness of customer-facing features by catching issues early, improving integration stability, and ensuring smooth delivery of these features to internal customers. Through close collaboration with firmware developers, systems engineers and cross-functional teams, you will help deliver robust and reliable features to production.
In this role, you will:
Define and develop comprehensive test plans based on requirements, trace testcases to requirements, set pass/fail criteria and refine requirements based on test outcomes
Develop and implement test plans on multiple test layers (HiL, Dyno, Vehicle)
Define tooling needs to execute tests and evaluate results efficiently
Collaborate with system, firmware & hardware engineers to ensureimplementations meet requirements and desired functionality in accordance withproduct requirements.
Investigate firmware issues through data analysis and issue reproduction
Qualifications
BS degree in Electrical, Mechanical, Computer or Systems Engineering
4+ years of experience in developing or testing embedded software
Test automation with Python or other scripting languages
Experience writing code with source control (Git)
Hands-on technical experience debugging complex systems involving networked microprocessors and software-controlled electrical or electromechanical devices
Experience parsing and analyzing log data/source code and identifying rootcause.
Positive attitude, team player, and ability to quickly adapt to changes
Bonus Qualifications
Working knowledge of components/systems such as drive unit, power steering, actuators, braking systems, powertrain and their interactions.
Experience with Python testing frameworks (Robot, pytest, etc.)
Experience with continuous integration/deployment systems
Experience using tools such as JIRA, TestRail, Polarion/JAMA/Doors, XRAY, etc.
Experience in systems validation or integration
Ability to develop test plans based on FMEA/vehicle safety concepts analysis
Base Salary Range
There are three major components to compensation for this position: salary, Amazon Restricted Stock Units (RSUs), and Zoox Stock Appreciation Rights. A sign-on bonus may be offered as part of the compensation package. The listed range applies only to the base salary. Compensation will vary based on geographic location and level. Leveling, as well as positioning within a level, is determined by a range of factors, including, but not limited to, a candidate's relevant years of experience, domain knowledge, and interview performance. The salary range listed in this posting is representative of the range of levels Zoox is considering for this position.
Zoox also offers a comprehensive package of benefits, including paid time off (e.g. sick leave, vacation, bereavement), unpaid time off, Zoox Stock Appreciation Rights, Amazon RSUs, health insurance, long-term care insurance, long-term and short-term disability insurance, and life insurance.
About Zoox
Zoox is developing the first ground-up, fully autonomous vehicle fleet and the supporting ecosystem required to bring this technology to market. Sitting at the intersection of robotics, machine learning, and design, Zoox aims to provide the next generation of mobility-as-a-service in urban environments. We’re looking for top talent that shares our passion and wants to be part of a fast-moving and highly execution-oriented team.

Follow us on LinkedIn

Accommodations
If you need an accommodation to participate in the application or interview process please reach out to accommodations@zoox.com or your assigned recruiter.

A Final Note:
You do not need to match every listed expectation to apply for this position. Here at Zoox, we know that diverse perspectives foster the innovation we need to be successful, and we are committed to building a team that encompasses a variety of backgrounds, experiences, and skills.
We may use artificial intelligence (AI) tools to support parts of the hiring process, such as reviewing applications, analyzing resumes, or assessing responses and identifying potential inconsistencies or verification signals in application materials based on available information. These tools assist our recruitment team but do not replace human judgment. Final hiring decisions are ultimately made by humans. If you would like more information about how your data is processed, please contact us.",""
"Saronic Technologies","Senior Systems Test Software Engineer","2026-07-17","遺憾信","","https://jobs.ashbyhq.com/saronic/d5f30d63-303c-4899-8d68-c248c8d7905b?utm_source=jobwrapping","Saronic Technologies is a leader in revolutionizing autonomy at sea, dedicated to developing state-of-the-art solutions that enhance maritime operations through autonomous and intelligent platforms.

Job Overview:
We are seeking a Systems Software Test Engineer to own and drive the testing strategy for the software stack that runs on every Saronic vessel. You will join the Software team to take an already substantial collection of test capabilities, Hardware-In-The-Loop (HITL) station infrastructure, virtual machine integration tests, replay-based evaluation, and simulation and turn them into a single, principled, easy-to-extend verification platform. Just as importantly, you will introduce other testing approaches like property-based testing, fuzz testing of our protocol and message-bus surfaces, deterministic simulation and fault injection testing for safety-critical state machines.

You are a software engineer first, whose product is the confidence the rest of the team has when shipping code to a vessel in the open ocean. You will work closely with our autonomy, perception, systems, controls, networking, and infrastructure teams to design and develop full system validation frameworks that run as native Rust unit and property tests, as VM-based integration tests, on real HITL stations bridged into real hardware, and in simulation against captured fleet data. Your work will directly impact mission reliability by catching edge cases early and ensuring that what runs on a vessel has been adversarially tested long before it ever sees water.

Responsibilities:
Own and drive the test initiatives for Saronic's system software, including the HITL test catalog and station orchestrator, HITL-VM bridge framework, NixOS-based VM integration test suite.

Design and roll out a unified test strategy that combines our primary tools: Rust unit and property tests, VM-based integration tests, HITL-based tests, and replay/simulation based scenario tests into a single decision tree so that the right test type covers the right risk class at the right cost.

Build out property-based and deterministic simulation testing across the software stack. Expand coverage to the libraries where invariants matter most (planners, trackers, schedulers, state machines, codecs, IPC framing, certificate/identity stacks) and introduce a shared invariant-testing pattern that other engineers can adopt.

Stand up fuzz testing infrastructure from scratch. Identify high leverage surfaces, write the harnesses, get them running continuously, and triage or resolve findings.

Expand the HITL test catalog. Drive coverage into areas currently underserved, expanding VM based integration tests to exercise real hardware paths.

Treat HITL stations as a first class product. Partner to keep stations healthy, observable, and reproducible; harden the CI scheduler pipeline that owns reservations and execution across multiple physical stations; reduce flake; improve the test result dashboard and analytics that engineers rely on.

Inject faults, not just inputs. Build out chaos and fault injection capabilities, process kills, network partitions, time skew, CAN bus jamming, sensor dropouts that complement our existing test types and that property tests and HITL tests can both consume.

Build interfaces between our onboard test infrastructure and our cloud infrastructure test artifact storage, MCAP capture and replay, metrics collection and storage, fleet-data fetch, and the existing CI plumbing so that an engineer can author one test and run it locally, in CI, on a HITL station, or against historical fleet data with minimal friction.

Work hands-on with engineers across the company to catch real bugs. Pair with feature owners on test plans during design reviews, write the hard tests yourself, and travel to test sites to see your tests in action on real boats when needed.

Document everything. Maintain the test infrastructure architecture docs, runbooks so that other engineers can keep adding good tests without needing your hands on the keyboard.

Design, develop, and maintain software systems, using NixOS, for autonomous navigation, control, and communication of surface vessels.

Collaborate with hardware engineers to integrate software with vessel systems, ensuring seamless operation.

Implement algorithms for controls and sensor fusion.

Optimize network communications for low bandwidth/high latency environments.

Conduct software testing and validation to ensure reliability and performance in real-world maritime environments.

Participate in code reviews and maintain high coding standards, ensuring scalability and maintainability of software.

Troubleshoot and debug complex software issues, providing timely resolutions.

Document software designs, processes, and test results for compliance and knowledge sharing.

Stay updated on industry trends, emerging technologies, and best practices in autonomous systems.

Qualifications:
Senior: 5+ years of professional software engineering experience, with substantial time spent owning test infrastructure, V&V strategy, or reliability for a non-trivial production system (robotics, autonomous vehicles, distributed systems, embedded, networking, or similar).

Staff: 8+ years of equivalent experience, including architecture and cross-functional leadership of a verification or platform reliability function.

Strong programming skills in Rust and/or C++, plus comfort with Python for test orchestration, data analysis, and CI tooling.

Hands-on experience building and operating one or more of: hardware-in-the-loop test rigs, fuzz harnesses, property-based test suites, deterministic-simulation frameworks, or large-scale simulation/replay pipelines.

Track record of treating test infrastructure as a real codebase.

Strong systems intuition: you can read an unfamiliar daemon, find the invariants it actually depends on, and write tests that fail before the bug is fixed.

Excellent debugging and root-cause analysis skills, with a passion for both ""firefighting"" and ""fire prevention"".

Comfort working in a fast-paced startup environment where the test strategy needs to be designed and shipped, not just discussed.

Bonus / Nice-to-Haves:
Direct experience in deterministic simulation testing.

Experience with fuzz testing.

Experience with proptest, quickcheck, or other property-based testing crates.

Experience with NixOS tests, Nix flakes, and Cargo↔Nix integration.

Familiarity with robotics middleware and IPC patterns (ROS/ROS2, Zenoh, Redis pub/sub, MCAP).

Familiarity with embedded Linux, low-level serial protocols (RS-232, CAN, SPI, I²C), and networking fundamentals (TCP/IP, UDP, QUIC, VPNs/overlays, PTP/PPS).

Experience operating CI at scale (e.g., Buildkite, GitHub Actions).

Experience with sensor fusion, controls, path-planning, or perception evaluation.

Familiarity with maritime, aerospace, or other safety-critical operations; knowledge of DoD standards and regulations relating to software development is advantageous.

A bias toward writing the tooling that lets engineers find their own bugs, rather than being the gatekeeper.

Benefits:
Medical Insurance: Comprehensive health insurance plans covering a range of services

Dental and Vision Insurance: Coverage for routine dental check-ups, orthodontics, and vision care

Saronic pays 100% of the premium for employees and 80% for dependents

Time Off: Generous PTO and Holidays

Parental Leave: Paid maternity and paternity leave to support new parents

Competitive Salary: Industry-standard salaries with opportunities for performance-based bonuses

Retirement Plan: 401(k) plan

Stock Options: Equity options to give employees a stake in the company’s success

Life and Disability Insurance: Basic life insurance and short- and long-term disability coverage

Additional Perks: Free lunch benefit and unlimited free drinks and snacks in the office

 
Physical Demands
Prolonged periods of sitting at a desk and working on a computer.

Occasional standing and walking within the office.

Manual dexterity to operate a computer keyboard, mouse, and other office equipment.

Visual acuity to read screens, documents, and reports.

Occasional reaching, bending, or stooping to access file drawers, cabinets, or office supplies.

Lifting and carrying items up to 20 pounds occasionally (e.g., office supplies, packages).

 
 
If this role is based in the United States, it requires access to export-controlled information or items that require “U.S. Person” status. As defined by U.S. law, individuals who are any one of the following are considered to be a “U.S. Person”: (1) U.S. citizens, (2) legal permanent residents (a.k.a. green card holders), and (3) certain protected classes of asylees and refugees, as defined in 8 U.S.C. 1324b(a)(3).

Saronic does not discriminate on the basis of race, sex, color, religion, age, national origin, marital status, disability, veteran status, genetic information, sexual orientation, gender identity or any other reason prohibited by law in provision of employment opportunities and benefits. We are also committed to providing reasonable accommodations for qualified individuals with disabilities.",""
"Symbotic","Symbotic","2026-07-18","已投遞","","https://symbotic.wd504.myworkdayjobs.com/Symbotic/job/USA-Remote--Travel/System-Reliability-Test-Engineer_R6749?source=LinkedIn","",""
"Noble Machines","Noble Machines","2026-07-18","已投遞","","https://job-boards.greenhouse.io/undercontrolroboticsinc/jobs/4158373009","",""
"Intelliswift - An LTTS Company","Intelliswift - An LTTS Company","2026-07-18","已投遞","","","",""
"Bedrock","Bedrock","2026-07-18","已投遞","","https://jobs.ashbyhq.com/bedrock-robotics/9f499006-5789-4d84-8b11-cff85ee0c25e?utm_source=2Pv93vNwBD&src=LinkedIn","",""
"Waymo","Software Quality Operations Specialist","2026-07-20","已投遞","$130,000—$160,000","https://careers.withwaymo.com/jobs/software-quality-operations-specialist-remote-united-states-6d4c84e2-8be6-4c36-9b4e-f94a11881b33#apply","Waymo is an autonomous driving technology company with the mission to be the world's most trusted driver. Since its start as the Google Self-Driving Car Project in 2009, Waymo has focused on building the Waymo Driver—The World's Most Experienced Driver™—to improve access to mobility while saving thousands of lives now lost to traffic crashes. The Waymo Driver powers Waymo’s fully autonomous ride-hail service and can also be applied to a range of vehicle platforms and product use cases. The Waymo Driver has provided over ten million rider-only trips, enabled by its experience autonomously driving over 100 million miles on public roads and tens of billions in simulation across 15+ U.S. states.

Waymo is an autonomous driving technology company with the mission to be the world's most trusted driver. Since its start as the Google Self-Driving Car Project in 2009, Waymo has focused on building the Waymo Driver—The World's Most Experienced Driver™—to improve access to mobility while saving thousands of lives now lost to traffic crashes. The Waymo Driver powers Waymo's fully autonomous ride-hail service and can also be applied to a range of vehicle platforms and product use cases. The Waymo Driver has provided over ten million rider-only trips, enabled by its experience autonomously driving over 100 million miles on public roads and tens of billions in simulation across 15+ U.S. states.

The Software Quality Operations (SWQOps) team is at the heart of ensuring the safety, reliability, and quality of the Waymo Driver. Our mission is to build a scalable operation powered by AI, to deliver the crucial insights necessary to deploy and grow Waymo's autonomous vehicle service.

Why This Team is Necessary to Waymo's Success:

Waymo is undergoing unprecedented growth, expanding into new cities (targeting ~20 new cities by EOY 2026) and launching new vehicle platforms. SWQOps, especially our Technical Specialists, plays a critical role in this expansion, making it possible to grow safely. You will report to a Triage team Program Manager.

The main responsibilities include:

Support the development of a single, automated, end-to-end machine learning flywheel for the entire Waymo Driver: the core engine for scaling our technology, enabling faster ODD expansion, quicker remediation of driving issues, and a significant reduction in the engineering effort required to maintain and improve the driver.
De-risking New Deployments: Through triage of driving events, issue discovery, and field monitoring, SWQOps provides early warnings and critical insights. This ""early intervention in RO issue detection"" ensures operational resilience and safety which is critical as Waymo enters multiple new cities and ramps up platforms like W12.
Enabling Market Expansion which will allow our team is deeply integrated into every stage of Waymo's market entry framework, from initial city evaluation (OK2Plan) to scaling operations (OK2Scale). We provide the necessary data analysis, policy development, and quality assurance to unblock critical milestones, preventing slowdowns in market expansion velocity.
Driving Engineering Velocity: By handling the vital work of performance evaluation, issue deep-dives, and data set curation, SWQOps collaborates heavily and allows Waymo's Engineering, SysEng, Simulation, and Data Science teams to focus on their core tasks of developing and improving the Waymo Driver.
You will:

Partner with Engineering to design, test, and deploy cutting-edge Machine Learning (ML) and Generative AI (Gen-AI) models and tools to drive step-change improvements in issue discovery & detection, triage efficiency, and quality assurance.
Leverage AI-powered insights and traditional triage signals to proactively identify emerging on-road issue trends, new risk scenarios, and edge cases. Develop and refine data-driven strategies for issue discovery and monitoring, enhanced by ML model outputs
Be a main link between AI/ML development and operational execution. Define and document new policies, and Standard Operating Procedures (SOPs) that integrate AI tools and insights into daily vendor workflows.
Design and implement quality control processes for both human and AI-generated outputs. Perform meta-quality checks, validate the integrity of vendor work, and provide feedback to improve both human and model performance.
Be the subject matter expert for our Software Quality Operations, working with partners, program lead, and vendor teams to ensure seamless adoption and maximum impact of AI/ML advancements in our quality processes. Be the trusted source for creating and updating technical guidelines, and standard operating procedures for new scopes, platforms, and driving signals
Provide technical leadership and consultation to partners to enhance our workflows and quality. You'll identify and escalate issues with our tools, providing technical requirements to engineering, and driving user testing to support the development and deployment of new tooling features.
 

You have:

BS/BA degree or 4 years of relevant work experience in AV Software Quality Operations
Increased competency in supporting all phases of the machine learning development lifecycle, from data preparation and training to validation, deployment, and monitoring.
Experience with ML testing and validation, including dataset quality assurance, bias detection, edge-case scenario testing, and performance evaluation using statistical metrics.
Implement new concepts and use proprietary tools.
Experience with driving rules and regulations.
Problem solve and make data-informed decisions.
Collaborate with many individuals in a diverse work environment
 

We prefer:

Demonstrated execution with an ability to improve outcomes
Experience working with offshore teams / multiple local operations hubs
Basic SQL querying
Competency in LLM / transformer models, or ML for robotics domain experience
A greater focus on using your subject matter expertise for results analysis and direct customer consultation in the development of new and improved solutions
Basic skills in task planning
In accordance with Washington state law, we are highlighting our comprehensive benefits package, which is available to all eligible US based employees. Benefits for this role include:

 

Health, dental, vision, life, disability insurance
Retirement Benefits: 401(k) with company match
Paid Time Off: 20 days of vacation per year, accruing at a rate of 6.15 hours per pay period for the first five years of employment
Sick Time: 40 hours/year (statutory, where applicable); 5 days/event (discretionary)
Maternity Leave (Short-Term Disability + Baby Bonding): 28-30 weeks
Baby Bonding Leave: 18 weeks
Holidays: 13 paid days per year
This is a remote position.

US-Remote includes employees working from their primary residence in certain locations only, such as Arizona, California, Colorado, Connecticut, DC, Florida, Georgia, Hawaii, Idaho, Illinois, Indiana, Maine, Maryland, Massachusetts, Michigan, Minnesota, Missouri, New Hampshire, Nebraska, New Jersey, New York, North Carolina, Ohio, Oregon, Pennsylvania, South Carolina, Tennessee, Texas, Utah, Virginia, Washington, and Wisconsin. This list may not be complete or accurate, and candidates should speak with their recruiter about their specific location for remote work.

 

The expected base salary range for this full-time position across US locations is listed below. Actual starting pay will be based on job-related factors, including exact work location, experience, relevant training and education, and skill level. Your recruiter can share more about the specific salary range for the role location or, if the role can be performed remote, the specific salary range for your preferred location, during the hiring process.

Waymo employees are also eligible to participate in Waymo's discretionary annual bonus program, equity incentive plan, and generous Company benefits program, subject to eligibility requirements.

 

Salary Range

$130,000—$160,000 USD

 

The expected base salary range for this full-time position across US locations is listed below. Actual starting pay will be based on job-related factors, including exact work location, experience, relevant training and education, and skill level. Your recruiter can share more about the specific salary range for the role location or, if the role can be performed remote, the specific salary range for your preferred location, during the hiring process. 

Waymo employees are also eligible to participate in Waymo’s discretionary annual bonus program, equity incentive plan, and generous Company benefits program, subject to eligibility requirements. 

Salary Range
$130,000—$160,000 USD",""
"Agtonomy","Agtonomy","2026-07-20","已投遞","","https://jobs.lever.co/agtonomy/39ead8d0-b87b-4bb5-8372-7504f7cf1e24/apply?lever-source=LinkedIn","",""
"Figure","Supplier Quality Engineer, BotQ","2026-07-20","遺憾信","","https://job-boards.greenhouse.io/figureai/jobs/4660300006?source=LinkedIn","Figure is an AI Robotics company developing a general purpose humanoid. Our humanoid robot, Figure 02, is designed for commercial tasks and the home. We are based in San Jose, CA and require 5 days/week in-office collaboration. It’s time to build.

We are looking for a Supplier Quality Engineer with a strong mechanical background to help onboard new vendors, and evaluate and analyze their quality. 

Responsibilities: 

Evaluate and qualify new suppliers, develop and implement quality plans for suppliers
Monitor supplier performance metrics and drive improvement initiatives to meet or exceed quality targets
Review and feedback on vendor DFM and inspection plans
Review first article inspection reports
Work with suppliers to resolve quality issues, perform root cause analysis, and implement corrective actions
Monitor supplier performance metrics and drive improvement
Work across many types of parts including injection molding, die casting, stamping, wire harness and textiles
Requirements: 

Strong understanding of manufacturing processes, quality systems, and industrial engineering principles
Proven experience with process validation, root cause analysis, and continuous improvement methodologies
Review supplier process plan and drive improvements before start of production
Expert at GD&T
Ability to travel up to 20% of the time
Bonus Qualifications:

Bachelor’s or Master’s Degree in Mechanical, Biomechanical, Robotics, Mechatronics, or similar field
4+ years of experience in manufacturing engineering
CATIA V6 experience
Robotics or other high tech industry experience
The US base salary range for this full-time position is between $150,000 - $250,000 annually.

The pay offered for this position may vary based on several individual factors, including job-related knowledge, skills, and experience. The total compensation package may also include additional components/benefits depending on the specific role. This information will be shared if an employment offer is extended.",""
"Mytra","Senior Systems Test Engineer","2026-07-20","遺憾信","130,000 - 150,000","https://ats.rippling.com/mytra/jobs/1a6220bd-1c65-4fec-9f1e-5982b3c67a0f?jobSite=LinkedIn","About Mytra:

We’re creating an entirely new way to solve the most ubiquitous problem in industry - moving and storing material. We’re applying robotics and distributed software to create a new class of product for this $1T market. We’re focused on the supply chain industry first. The industry is in a massive bind with the continued growth of e-commerce, sharp rise in costs, and supply chain disruptions. What has been a “sleepy” industry for decades is now at the epicenter of sustaining the global economy.

About the Role:

Mytra's Systems Integration and Test team is looking for a mechanically oriented Systems Test Engineer to design and execute structural and dynamic tests for warehouse robotics and pallet racking systems. In this role, you will play a key part in systems validation and verification. You'll develop comprehensive test methodologies for high-load mechanical assemblies and structural racking, and you'll build robust processes to validate performance and confirm safety margins. Working closely with mechanical design, firmware, and systems engineering teams, you'll help ensure that Mytra's products can withstand the demands of real-world warehouse environments.



This role requires on-site presence at our Brisbane, CA headquarters.



Responsibilities:

Ensure the safe and reliable operation of test equipment and fixtures, maintaining high standards of safety and performance in a fast-paced environment
Combine hands-on hardware development with test planning, data analysis, and close collaboration with systems engineering, mechanical, and firmware teams
Develop and document standardized test methods to ensure repeatable and scalable processes; write test procedures, standards, and operation manuals
Design and build custom test fixtures and instrumentation layouts that integrate electromechanical actuators, strain measurement, and data acquisition systems to conduct Highly Accelerated Life Testing (HALT)
Analyze engineering drawings and specifications to determine testing requirements
Participate in failure and root cause analysis efforts for issues encountered in lab testing and field returns, and collaborate with design engineers on targeted improvements
Plan and execute tasks using project management tools


Qualifications:

Bachelor's or Master degree in Mechanical, Electrical, Software Engineering or a related field, or equivalent work experience
5+ years of hands-on experience designing and executing test plans for complex electromechanical systems
Proficiency in Python or MATLAB for analyzing datasets in specification definition, risk assessment, and reliability analysis, as well as writing scripts to execute commands on electromechanical systems
Proficiency with test instrumentation including strain gauges, load cells, and displacement sensors, with experience in signal conditioning and data acquisition systems
Experience with test fixture design and fabrication, including hands-on capability in mechanical prototyping, machining coordination, and assembly of custom test hardware
Ability to effectively communicate complex mechanical test results and failure analysis findings to diverse engineering teams and stakeholders
Enthusiasm for pushing the boundaries of warehouse robotics, working on cutting-edge mechanical systems that operate at unprecedented scales and speeds
Comfort with uncertainty and a willingness to recognize mistakes and pivot
A commitment to openness, inquisitiveness, and continuous improvement


A Final Note:

You’re encouraged to apply even if you can’t take on every example project in its totality. We work closely and collaboratively at Mytra - No one takes on projects alone. We seek people who are eager to work together, learn new things, and bring unique perspectives.



Benefits Include:

Competitive compensation and equity grants at a high-growth company backed by top-tier VCs
Fully subsidized health coverage, including medical (baseline plans), dental, and vision for employees and dependents
401(k) plans and employer-subsidized life insurance
Fully subsidized lunch and snacks at HQ—we eat and share stories together at the “long” table
Generous PTO and company-paid holidays, including one week over the winter break so everyone can recharge together
Voluntary pet insurance, Voluntary Life Insurance, Accident, Critical Illness, and Hospital Indemnity
Fully subsidized tax advisory services and education to help you understand your equity
Commuter benefits, including a up to $150 monthly commuter benefit
Lively, modern combined office and lab space where we rapidly iterate through design, build, and test phases
Fully equipped onsite gym and showers at headquarters


Pay Notice:

Compensation for this position will be negotiated based on the candidate's experience level and location. The posted salary band is applicable only to the San Francisco Bay Area and is subject to change.",""
"Johnson & Johnson","Johnson & Johnson","2026-07-20","已投遞","","https://www.careers.jnj.com/en/jobs/r-084242/systems-verification-engineer/?source=LinkedIn","",""
"Ladder","Ladder","2026-07-20","已投遞","","","",""
"Atomic Machines","Atomic Machines","2026-07-22","已投遞","","https://job-boards.greenhouse.io/atomicmachines/jobs/4114259009","",""
